review_id,item_id,product_name,rating,review
REV00001,IKEA01170,ALEX,5,Good quality and durable.
REV00002,IKEA00643,MICKE,5,Beautiful Scandinavian design.
REV00003,IKEA00058,POANG,2,Some parts were difficult to assemble.
REV00004,IKEA00789,HEMNES,4,Beautiful Scandinavian design.
REV00005,IKEA00108,HEMNES,5,Good quality and durable.
REV00006,IKEA00889,PAX,5,Beautiful Scandinavian design.
REV00007,IKEA00366,MICKE,5,Good quality and durable.
REV00008,IKEA00092,TROFAST,5,Very good quality and easy to assemble.
REV00009,IKEA00937,KALLAX,5,Excellent product for the price.
REV00010,IKEA00656,PAX,3,Decent quality for the price.
REV00011,IKEA01015,PAX,4,Good quality and durable.
REV00012,IKEA00032,MALM,2,Not completely satisfied.
REV00013,IKEA00422,KALLAX,5,Very good quality and easy to assemble.
REV00014,IKEA00595,HEMNES,1,Quality was average.
REV00015,IKEA00678,LACK,5,Very useful and practical furniture.
REV00016,IKEA00468,TROFAST,4,Perfect for a small apartment.
REV00017,IKEA00824,IVAR,2,Quality was average.
REV00018,IKEA00505,BILLY,5,Looks great in my room.
REV00019,IKEA00866,BRIMNES,5,Good quality and durable.
REV00020,IKEA00635,HEMNES,4,Good quality and durable.
REV00021,IKEA00559,BILLY,4,Very good quality and easy to assemble.
REV00022,IKEA00852,PAX,5,Very useful and practical furniture.
REV00023,IKEA00570,MALM,5,Excellent product for the price.
REV00024,IKEA01000,MICKE,4,Very good quality and easy to assemble.
REV00025,IKEA00810,IVAR,2,Not completely satisfied.
REV00026,IKEA00264,PAX,5,Excellent product for the price.
REV00027,IKEA00145,BRIMNES,5,Very good quality and easy to assemble.
REV00028,IKEA00326,BILLY,5,Very useful and practical furniture.
REV00029,IKEA00137,HEMNES,4,Looks great in my room.
REV00030,IKEA00343,TROFAST,5,Looks great in my room.
REV00031,IKEA00816,BILLY,4,Looks great in my room.
REV00032,IKEA00584,BESTA,5,Looks great in my room.
REV00033,IKEA00223,TROFAST,5,Very useful and practical furniture.
REV00034,IKEA00414,BILLY,5,Beautiful Scandinavian design.
REV00035,IKEA01020,BRIMNES,4,Beautiful Scandinavian design.
REV00036,IKEA00074,PAX,5,Very good quality and easy to assemble.
REV00037,IKEA00229,BILLY,4,Perfect for a small apartment.
REV00038,IKEA00795,MALM,4,Perfect for a small apartment.
REV00039,IKEA00139,BRIMNES,4,Beautiful Scandinavian design.
REV00040,IKEA00760,HEMNES,4,Excellent product for the price.
REV00041,IKEA00906,BILLY,5,Very good quality and easy to assemble.
REV00042,IKEA01032,HEMNES,5,Excellent product for the price.
REV00043,IKEA00431,KALLAX,5,Very good quality and easy to assemble.
REV00044,IKEA01165,TROFAST,1,Quality was average.
REV00045,IKEA00700,ALEX,5,Looks great in my room.
REV00046,IKEA00360,BESTA,4,Excellent product for the price.
REV00047,IKEA00116,ALEX,4,Excellent product for the price.
REV00048,IKEA00598,EKET,5,Excellent product for the price.
REV00049,IKEA00377,BESTA,5,Looks great in my room.
REV00050,IKEA00899,TROFAST,2,Not completely satisfied.
REV00051,IKEA00143,EKET,5,Beautiful Scandinavian design.
REV00052,IKEA01083,BILLY,4,Excellent product for the price.
REV00053,IKEA00294,MICKE,5,Looks great in my room.
REV00054,IKEA00117,BILLY,3,Overall good product.
REV00055,IKEA00840,MICKE,5,Very good quality and easy to assemble.
REV00056,IKEA00348,ALEX,5,Looks great in my room.
REV00057,IKEA00759,BESTA,2,Assembly instructions could be better.
REV00058,IKEA00479,EKET,1,Assembly instructions could be better.
REV00059,IKEA01153,TROFAST,3,The product is good.
REV00060,IKEA01162,MALM,3,Decent quality for the price.
REV00061,IKEA00073,PAX,5,Very good quality and easy to assemble.
REV00062,IKEA00041,EKET,5,Very useful and practical furniture.
REV00063,IKEA01171,EKET,5,Looks great in my room.
REV00064,IKEA00793,LACK,4,Good quality and durable.
REV00065,IKEA00487,EKET,5,Beautiful Scandinavian design.
REV00066,IKEA00513,MALM,4,Good quality and durable.
REV00067,IKEA00932,MICKE,5,Excellent product for the price.
REV00068,IKEA00931,EKET,5,Looks great in my room.
REV00069,IKEA00459,KALLAX,3,Decent quality for the price.
REV00070,IKEA00796,EKET,5,Excellent product for the price.
REV00071,IKEA00754,MALM,5,Very useful and practical furniture.
REV00072,IKEA00615,BRIMNES,3,The product is good.
REV00073,IKEA00841,TROFAST,5,Beautiful Scandinavian design.
REV00074,IKEA00465,POANG,5,Excellent product for the price.
REV00075,IKEA00723,IVAR,4,Very useful and practical furniture.
REV00076,IKEA00863,MICKE,5,Very useful and practical furniture.
REV00077,IKEA00927,MICKE,4,Very useful and practical furniture.
REV00078,IKEA00950,TROFAST,4,Looks great in my room.
REV00079,IKEA00817,MICKE,3,Size was as expected.
REV00080,IKEA00422,KALLAX,4,Good quality and durable.
REV00081,IKEA00392,POANG,5,Perfect for a small apartment.
REV00082,IKEA00745,IVAR,5,Beautiful Scandinavian design.
REV00083,IKEA00837,LACK,4,Looks great in my room.
REV00084,IKEA00438,IVAR,4,Very useful and practical furniture.
REV00085,IKEA00223,TROFAST,5,Very useful and practical furniture.
REV00086,IKEA00616,MALM,5,Perfect for a small apartment.
REV00087,IKEA00845,LACK,3,Decent quality for the price.
REV00088,IKEA00692,EKET,5,Excellent product for the price.
REV00089,IKEA00788,POANG,5,Very useful and practical furniture.
REV00090,IKEA00370,EKET,5,Very good quality and easy to assemble.
REV00091,IKEA00423,TROFAST,4,Good quality and durable.
REV00092,IKEA00353,BRIMNES,4,Good quality and durable.
REV00093,IKEA01154,POANG,5,Good quality and durable.
REV00094,IKEA00824,IVAR,5,Perfect for a small apartment.
REV00095,IKEA00406,KALLAX,4,Looks great in my room.
REV00096,IKEA00960,KALLAX,4,Good quality and durable.
REV00097,IKEA00268,BRIMNES,5,Very useful and practical furniture.
REV00098,IKEA00648,MALM,5,Perfect for a small apartment.
REV00099,IKEA01087,HEMNES,5,Very good quality and easy to assemble.
REV00100,IKEA00199,HEMNES,5,Very good quality and easy to assemble.
REV00101,IKEA00044,IVAR,1,Assembly instructions could be better.
REV00102,IKEA00679,BRIMNES,5,Looks great in my room.
REV00103,IKEA00731,BRIMNES,4,Excellent product for the price.
REV00104,IKEA00437,ALEX,4,Very good quality and easy to assemble.
REV00105,IKEA00744,MICKE,5,Looks great in my room.
REV00106,IKEA01195,LACK,5,Very useful and practical furniture.
REV00107,IKEA00973,LACK,4,Excellent product for the price.
REV00108,IKEA00594,BRIMNES,4,Perfect for a small apartment.
REV00109,IKEA01151,BRIMNES,4,Excellent product for the price.
REV00110,IKEA00335,LACK,4,Beautiful Scandinavian design.
REV00111,IKEA00840,MICKE,4,Beautiful Scandinavian design.
REV00112,IKEA00962,POANG,5,Looks great in my room.
REV00113,IKEA00511,MICKE,5,Good quality and durable.
REV00114,IKEA00301,LACK,5,Very good quality and easy to assemble.
REV00115,IKEA00081,BESTA,3,The product is good.
REV00116,IKEA00969,POANG,4,Excellent product for the price.
REV00117,IKEA00041,EKET,5,Perfect for a small apartment.
REV00118,IKEA00743,POANG,5,Beautiful Scandinavian design.
REV00119,IKEA01172,ALEX,4,Very good quality and easy to assemble.
REV00120,IKEA01008,MALM,5,Beautiful Scandinavian design.
REV00121,IKEA00705,BRIMNES,5,Very good quality and easy to assemble.
REV00122,IKEA00758,POANG,3,Decent quality for the price.
REV00123,IKEA00615,BRIMNES,5,Excellent product for the price.
REV00124,IKEA00228,EKET,5,Perfect for a small apartment.
REV00125,IKEA00404,BILLY,5,Looks great in my room.
REV00126,IKEA00599,MALM,5,Perfect for a small apartment.
REV00127,IKEA00171,HEMNES,4,Perfect for a small apartment.
REV00128,IKEA01014,PAX,1,Product was smaller than expected.
REV00129,IKEA00856,MICKE,5,Looks great in my room.
REV00130,IKEA00518,BRIMNES,4,Looks great in my room.
REV00131,IKEA01066,MICKE,5,Very good quality and easy to assemble.
REV00132,IKEA01003,EKET,4,Excellent product for the price.
REV00133,IKEA00107,TROFAST,5,Good quality and durable.
REV00134,IKEA00628,PAX,4,Very useful and practical furniture.
REV00135,IKEA00692,EKET,2,Not completely satisfied.
REV00136,IKEA00165,EKET,4,Very good quality and easy to assemble.
REV00137,IKEA00268,BRIMNES,5,Beautiful Scandinavian design.
REV00138,IKEA00022,HEMNES,5,Very good quality and easy to assemble.
REV00139,IKEA00620,PAX,4,Very useful and practical furniture.
REV00140,IKEA00779,BRIMNES,4,Good quality and durable.
REV00141,IKEA00554,POANG,5,Looks great in my room.
REV00142,IKEA00752,MALM,5,Perfect for a small apartment.
REV00143,IKEA00870,BILLY,4,Looks great in my room.
REV00144,IKEA00272,LACK,5,Good quality and durable.
REV00145,IKEA00536,IVAR,5,Very useful and practical furniture.
REV00146,IKEA00577,KALLAX,4,Very useful and practical furniture.
REV00147,IKEA00174,BRIMNES,5,Looks great in my room.
REV00148,IKEA01043,POANG,5,Very good quality and easy to assemble.
REV00149,IKEA00264,PAX,5,Very good quality and easy to assemble.
REV00150,IKEA00498,BESTA,3,Assembly takes some time.
REV00151,IKEA00134,BESTA,4,Perfect for a small apartment.
REV00152,IKEA00486,POANG,5,Perfect for a small apartment.
REV00153,IKEA00155,POANG,1,Assembly instructions could be better.
REV00154,IKEA00699,LACK,5,Beautiful Scandinavian design.
REV00155,IKEA00145,BRIMNES,4,Good quality and durable.
REV00156,IKEA00944,EKET,5,Looks great in my room.
REV00157,IKEA00217,BESTA,5,Very good quality and easy to assemble.
REV00158,IKEA00285,BRIMNES,4,Good quality and durable.
REV00159,IKEA00167,LACK,4,Good quality and durable.
REV00160,IKEA00188,KALLAX,1,Quality was average.
REV00161,IKEA00431,KALLAX,2,Assembly instructions could be better.
REV00162,IKEA00793,LACK,4,Beautiful Scandinavian design.
REV00163,IKEA00395,LACK,5,Excellent product for the price.
REV00164,IKEA01015,PAX,5,Excellent product for the price.
REV00165,IKEA00961,BESTA,4,Good quality and durable.
REV00166,IKEA00126,ALEX,4,Beautiful Scandinavian design.
REV00167,IKEA00013,MALM,3,Decent quality for the price.
REV00168,IKEA00540,BRIMNES,3,Size was as expected.
REV00169,IKEA01179,BESTA,5,Good quality and durable.
REV00170,IKEA00254,KALLAX,5,Very good quality and easy to assemble.
REV00171,IKEA00386,BILLY,4,Looks great in my room.
REV00172,IKEA00467,MALM,4,Good quality and durable.
REV00173,IKEA00608,BESTA,5,Beautiful Scandinavian design.
REV00174,IKEA00585,MICKE,4,Looks great in my room.
REV00175,IKEA00707,ALEX,5,Beautiful Scandinavian design.
REV00176,IKEA00015,POANG,5,Good quality and durable.
REV00177,IKEA00516,KALLAX,4,Excellent product for the price.
REV00178,IKEA00133,HEMNES,3,The product is good.
REV00179,IKEA00705,BRIMNES,5,Very good quality and easy to assemble.
REV00180,IKEA00881,EKET,3,The product is good.
REV00181,IKEA00025,EKET,5,Good quality and durable.
REV00182,IKEA00181,TROFAST,4,Perfect for a small apartment.
REV00183,IKEA00741,MALM,5,Beautiful Scandinavian design.
REV00184,IKEA00135,EKET,5,Good quality and durable.
REV00185,IKEA00654,BILLY,5,Good quality and durable.
REV00186,IKEA00984,BILLY,4,Looks great in my room.
REV00187,IKEA01002,MALM,4,Good quality and durable.
REV00188,IKEA00390,TROFAST,4,Excellent product for the price.
REV00189,IKEA00088,LACK,5,Very useful and practical furniture.
REV00190,IKEA00953,KALLAX,5,Looks great in my room.
REV00191,IKEA00826,KALLAX,5,Very useful and practical furniture.
REV00192,IKEA00927,MICKE,4,Good quality and durable.
REV00193,IKEA00790,ALEX,4,Very good quality and easy to assemble.
REV00194,IKEA00286,EKET,5,Very useful and practical furniture.
REV00195,IKEA00306,MICKE,4,Very good quality and easy to assemble.
REV00196,IKEA00890,POANG,5,Good quality and durable.
REV00197,IKEA00354,ALEX,4,Excellent product for the price.
REV00198,IKEA00445,POANG,3,The product is good.
REV00199,IKEA00968,BILLY,3,Assembly takes some time.
REV00200,IKEA00406,KALLAX,2,Not completely satisfied.
REV00201,IKEA00325,LACK,4,Perfect for a small apartment.
REV00202,IKEA01126,EKET,4,Excellent product for the price.
REV00203,IKEA00997,PAX,5,Very useful and practical furniture.
REV00204,IKEA00887,TROFAST,4,Perfect for a small apartment.
REV00205,IKEA00328,HEMNES,5,Good quality and durable.
REV00206,IKEA00123,MICKE,4,Very good quality and easy to assemble.
REV00207,IKEA00138,BILLY,5,Good quality and durable.
REV00208,IKEA00977,MICKE,5,Excellent product for the price.
REV00209,IKEA00482,MALM,5,Very useful and practical furniture.
REV00210,IKEA00444,ALEX,4,Very good quality and easy to assemble.
REV00211,IKEA00631,POANG,5,Looks great in my room.
REV00212,IKEA00637,BRIMNES,5,Very useful and practical furniture.
REV00213,IKEA00250,BESTA,5,Beautiful Scandinavian design.
REV00214,IKEA00578,MALM,4,Looks great in my room.
REV00215,IKEA00263,KALLAX,4,Very useful and practical furniture.
REV00216,IKEA00130,LACK,1,Some parts were difficult to assemble.
REV00217,IKEA00855,BESTA,4,Looks great in my room.
REV00218,IKEA00479,EKET,5,Looks great in my room.
REV00219,IKEA00976,TROFAST,5,Beautiful Scandinavian design.
REV00220,IKEA00698,BESTA,5,Looks great in my room.
REV00221,IKEA00399,MICKE,5,Looks great in my room.
REV00222,IKEA01173,HEMNES,5,Excellent product for the price.
REV00223,IKEA00486,POANG,5,Excellent product for the price.
REV00224,IKEA01001,TROFAST,5,Very good quality and easy to assemble.
REV00225,IKEA00642,KALLAX,5,Very good quality and easy to assemble.
REV00226,IKEA00787,TROFAST,5,Beautiful Scandinavian design.
REV00227,IKEA00659,TROFAST,3,The product is good.
REV00228,IKEA00948,BILLY,5,Good quality and durable.
REV00229,IKEA00545,IVAR,3,The product is good.
REV00230,IKEA00396,POANG,5,Looks great in my room.
REV00231,IKEA00294,MICKE,4,Perfect for a small apartment.
REV00232,IKEA00121,LACK,5,Excellent product for the price.
REV00233,IKEA00007,MALM,4,Perfect for a small apartment.
REV00234,IKEA00989,BESTA,5,Perfect for a small apartment.
REV00235,IKEA00559,BILLY,5,Very useful and practical furniture.
REV00236,IKEA00644,MICKE,5,Beautiful Scandinavian design.
REV00237,IKEA00410,BRIMNES,5,Good quality and durable.
REV00238,IKEA00386,BILLY,5,Beautiful Scandinavian design.
REV00239,IKEA00247,IVAR,4,Very good quality and easy to assemble.
REV00240,IKEA00400,PAX,5,Beautiful Scandinavian design.
REV00241,IKEA00579,BESTA,4,Very useful and practical furniture.
REV00242,IKEA00867,BILLY,5,Perfect for a small apartment.
REV00243,IKEA00023,BILLY,4,Excellent product for the price.
REV00244,IKEA00296,PAX,4,Very good quality and easy to assemble.
REV00245,IKEA00864,IVAR,3,The product is good.
REV00246,IKEA00303,KALLAX,4,Very useful and practical furniture.
REV00247,IKEA01138,HEMNES,4,Very useful and practical furniture.
REV00248,IKEA00644,MICKE,3,Assembly takes some time.
REV00249,IKEA00934,BRIMNES,4,Good quality and durable.
REV00250,IKEA00929,ALEX,4,Beautiful Scandinavian design.
REV00251,IKEA00264,PAX,4,Very good quality and easy to assemble.
REV00252,IKEA00254,KALLAX,3,Assembly takes some time.
REV00253,IKEA01132,LACK,5,Excellent product for the price.
REV00254,IKEA00646,IVAR,5,Very useful and practical furniture.
REV00255,IKEA01127,MICKE,2,Not completely satisfied.
REV00256,IKEA00664,HEMNES,4,Looks great in my room.
REV00257,IKEA00071,BILLY,5,Looks great in my room.
REV00258,IKEA01159,MICKE,5,Very good quality and easy to assemble.
REV00259,IKEA01048,BRIMNES,3,Decent quality for the price.
REV00260,IKEA01018,HEMNES,3,Overall good product.
REV00261,IKEA00287,KALLAX,4,Beautiful Scandinavian design.
REV00262,IKEA00335,LACK,5,Excellent product for the price.
REV00263,IKEA00189,PAX,5,Looks great in my room.
REV00264,IKEA00693,MICKE,3,Assembly takes some time.
REV00265,IKEA00143,EKET,5,Beautiful Scandinavian design.
REV00266,IKEA00128,EKET,5,Good quality and durable.
REV00267,IKEA00811,MALM,5,Beautiful Scandinavian design.
REV00268,IKEA00184,TROFAST,5,Very useful and practical furniture.
REV00269,IKEA00326,BILLY,3,Assembly takes some time.
REV00270,IKEA00466,MICKE,4,Good quality and durable.
REV00271,IKEA01143,HEMNES,2,Quality was average.
REV00272,IKEA00981,MICKE,2,Quality was average.
REV00273,IKEA00477,EKET,5,Perfect for a small apartment.
REV00274,IKEA00282,BRIMNES,5,Looks great in my room.
REV00275,IKEA00794,POANG,5,Good quality and durable.
REV00276,IKEA00811,MALM,1,Some parts were difficult to assemble.
REV00277,IKEA01009,LACK,2,Not completely satisfied.
REV00278,IKEA01127,MICKE,3,Decent quality for the price.
REV00279,IKEA00074,PAX,4,Beautiful Scandinavian design.
REV00280,IKEA01007,HEMNES,1,Assembly instructions could be better.
REV00281,IKEA01192,ALEX,5,Beautiful Scandinavian design.
REV00282,IKEA00337,IVAR,4,Excellent product for the price.
REV00283,IKEA01099,MALM,1,Product was smaller than expected.
REV00284,IKEA00577,KALLAX,4,Looks great in my room.
REV00285,IKEA01047,BRIMNES,4,Perfect for a small apartment.
REV00286,IKEA00413,POANG,5,Looks great in my room.
REV00287,IKEA00686,KALLAX,4,Looks great in my room.
REV00288,IKEA00805,PAX,3,Assembly takes some time.
REV00289,IKEA00925,EKET,2,Product was smaller than expected.
REV00290,IKEA01049,HEMNES,5,Excellent product for the price.
REV00291,IKEA00379,MICKE,3,The product is good.
REV00292,IKEA00219,BESTA,5,Perfect for a small apartment.
REV00293,IKEA00422,KALLAX,4,Beautiful Scandinavian design.
REV00294,IKEA00612,BRIMNES,5,Good quality and durable.
REV00295,IKEA00439,ALEX,5,Perfect for a small apartment.
REV00296,IKEA00622,HEMNES,4,Very good quality and easy to assemble.
REV00297,IKEA00471,EKET,5,Perfect for a small apartment.
REV00298,IKEA00517,POANG,4,Very good quality and easy to assemble.
REV00299,IKEA00635,HEMNES,1,Quality was average.
REV00300,IKEA00684,EKET,4,Good quality and durable.
REV00301,IKEA00796,EKET,5,Very useful and practical furniture.
REV00302,IKEA00801,ALEX,5,Excellent product for the price.
REV00303,IKEA01007,HEMNES,5,Beautiful Scandinavian design.
REV00304,IKEA00585,MICKE,5,Good quality and durable.
REV00305,IKEA00509,MALM,3,Overall good product.
REV00306,IKEA00001,ALEX,5,Beautiful Scandinavian design.
REV00307,IKEA00103,EKET,5,Looks great in my room.
REV00308,IKEA00001,ALEX,4,Very useful and practical furniture.
REV00309,IKEA01164,MICKE,5,Very good quality and easy to assemble.
REV00310,IKEA00110,ALEX,4,Good quality and durable.
REV00311,IKEA00391,LACK,5,Good quality and durable.
REV00312,IKEA00764,HEMNES,3,The product is good.
REV00313,IKEA00046,BESTA,4,Very good quality and easy to assemble.
REV00314,IKEA00246,LACK,4,Looks great in my room.
REV00315,IKEA00936,EKET,5,Perfect for a small apartment.
REV00316,IKEA00420,MICKE,3,Overall good product.
REV00317,IKEA00976,TROFAST,4,Very good quality and easy to assemble.
REV00318,IKEA00177,IVAR,5,Very useful and practical furniture.
REV00319,IKEA01188,POANG,5,Looks great in my room.
REV00320,IKEA00554,POANG,2,Product was smaller than expected.
REV00321,IKEA00983,BRIMNES,3,Decent quality for the price.
REV00322,IKEA00442,BRIMNES,3,The product is good.
REV00323,IKEA00062,HEMNES,2,Not completely satisfied.
REV00324,IKEA00954,ALEX,4,Very good quality and easy to assemble.
REV00325,IKEA01182,TROFAST,5,Good quality and durable.
REV00326,IKEA00130,LACK,5,Looks great in my room.
REV00327,IKEA00577,KALLAX,5,Excellent product for the price.
REV00328,IKEA00548,BILLY,2,Some parts were difficult to assemble.
REV00329,IKEA00386,BILLY,4,Very useful and practical furniture.
REV00330,IKEA00004,BESTA,5,Very good quality and easy to assemble.
REV00331,IKEA01154,POANG,5,Very useful and practical furniture.
REV00332,IKEA01145,ALEX,5,Very useful and practical furniture.
REV00333,IKEA00475,BILLY,5,Good quality and durable.
REV00334,IKEA00097,HEMNES,4,Very good quality and easy to assemble.
REV00335,IKEA00753,MALM,5,Very useful and practical furniture.
REV00336,IKEA01116,TROFAST,4,Good quality and durable.
REV00337,IKEA00761,PAX,5,Beautiful Scandinavian design.
REV00338,IKEA00299,MICKE,4,Good quality and durable.
REV00339,IKEA00711,POANG,4,Beautiful Scandinavian design.
REV00340,IKEA00823,IVAR,4,Looks great in my room.
REV00341,IKEA00599,MALM,3,The product is good.
REV00342,IKEA01111,BESTA,4,Very useful and practical furniture.
REV00343,IKEA00178,MICKE,5,Excellent product for the price.
REV00344,IKEA00682,BESTA,5,Good quality and durable.
REV00345,IKEA00956,EKET,5,Beautiful Scandinavian design.
REV00346,IKEA00337,IVAR,5,Looks great in my room.
REV00347,IKEA01038,BRIMNES,5,Good quality and durable.
REV00348,IKEA00298,PAX,5,Beautiful Scandinavian design.
REV00349,IKEA00327,POANG,5,Beautiful Scandinavian design.
REV00350,IKEA00286,EKET,5,Perfect for a small apartment.
REV00351,IKEA00422,KALLAX,5,Very useful and practical furniture.
REV00352,IKEA00168,BRIMNES,5,Very good quality and easy to assemble.
REV00353,IKEA01027,ALEX,5,Beautiful Scandinavian design.
REV00354,IKEA00213,POANG,5,Looks great in my room.
REV00355,IKEA01128,MALM,5,Excellent product for the price.
REV00356,IKEA00465,POANG,5,Perfect for a small apartment.
REV00357,IKEA00686,KALLAX,5,Looks great in my room.
REV00358,IKEA00765,IVAR,5,Very useful and practical furniture.
REV00359,IKEA01072,MALM,5,Very useful and practical furniture.
REV00360,IKEA00449,HEMNES,5,Good quality and durable.
REV00361,IKEA00836,LACK,5,Very good quality and easy to assemble.
REV00362,IKEA00463,LACK,5,Very useful and practical furniture.
REV00363,IKEA00319,EKET,5,Perfect for a small apartment.
REV00364,IKEA00386,BILLY,5,Perfect for a small apartment.
REV00365,IKEA01034,MICKE,5,Very useful and practical furniture.
REV00366,IKEA00296,PAX,5,Good quality and durable.
REV00367,IKEA00628,PAX,4,Very useful and practical furniture.
REV00368,IKEA00621,POANG,5,Beautiful Scandinavian design.
REV00369,IKEA00198,KALLAX,5,Excellent product for the price.
REV00370,IKEA00049,MALM,1,Some parts were difficult to assemble.
REV00371,IKEA00248,BILLY,4,Perfect for a small apartment.
REV00372,IKEA00147,POANG,3,The product is good.
REV00373,IKEA00244,TROFAST,4,Looks great in my room.
REV00374,IKEA00826,KALLAX,1,Product was smaller than expected.
REV00375,IKEA00615,BRIMNES,4,Looks great in my room.
REV00376,IKEA00427,BRIMNES,4,Beautiful Scandinavian design.
REV00377,IKEA00980,ALEX,5,Beautiful Scandinavian design.
REV00378,IKEA00086,EKET,5,Very good quality and easy to assemble.
REV00379,IKEA01024,BESTA,4,Very good quality and easy to assemble.
REV00380,IKEA00524,IVAR,5,Perfect for a small apartment.
REV00381,IKEA00786,IVAR,5,Perfect for a small apartment.
REV00382,IKEA00201,HEMNES,4,Beautiful Scandinavian design.
REV00383,IKEA00719,MICKE,5,Good quality and durable.
REV00384,IKEA01005,BILLY,5,Very useful and practical furniture.
REV00385,IKEA00080,IVAR,5,Perfect for a small apartment.
REV00386,IKEA00178,MICKE,5,Beautiful Scandinavian design.
REV00387,IKEA00189,PAX,3,Overall good product.
REV00388,IKEA00932,MICKE,4,Looks great in my room.
REV00389,IKEA00495,MICKE,5,Very useful and practical furniture.
REV00390,IKEA00071,BILLY,4,Beautiful Scandinavian design.
REV00391,IKEA00925,EKET,4,Very useful and practical furniture.
REV00392,IKEA00195,ALEX,1,Quality was average.
REV00393,IKEA00058,POANG,5,Very useful and practical furniture.
REV00394,IKEA00142,TROFAST,5,Very useful and practical furniture.
REV00395,IKEA00563,HEMNES,5,Very useful and practical furniture.
REV00396,IKEA01098,BRIMNES,5,Very good quality and easy to assemble.
REV00397,IKEA00519,EKET,5,Good quality and durable.
REV00398,IKEA01059,MALM,5,Very useful and practical furniture.
REV00399,IKEA00601,BILLY,5,Very good quality and easy to assemble.
REV00400,IKEA00595,HEMNES,5,Very useful and practical furniture.
REV00401,IKEA00225,ALEX,5,Perfect for a small apartment.
REV00402,IKEA00158,EKET,4,Very useful and practical furniture.
REV00403,IKEA00511,MICKE,1,Quality was average.
REV00404,IKEA00772,BRIMNES,2,Quality was average.
REV00405,IKEA00458,KALLAX,4,Good quality and durable.
REV00406,IKEA01196,BESTA,5,Excellent product for the price.
REV00407,IKEA00911,EKET,5,Very good quality and easy to assemble.
REV00408,IKEA00208,ALEX,4,Excellent product for the price.
REV00409,IKEA01153,TROFAST,2,Not completely satisfied.
REV00410,IKEA00751,EKET,5,Very useful and practical furniture.
REV00411,IKEA00043,ALEX,5,Good quality and durable.
REV00412,IKEA00755,HEMNES,5,Very good quality and easy to assemble.
REV00413,IKEA00858,BILLY,5,Looks great in my room.
REV00414,IKEA00894,MICKE,5,Very useful and practical furniture.
REV00415,IKEA00138,BILLY,3,Assembly takes some time.
REV00416,IKEA00733,EKET,5,Beautiful Scandinavian design.
REV00417,IKEA00499,MICKE,5,Excellent product for the price.
REV00418,IKEA00248,BILLY,2,Assembly instructions could be better.
REV00419,IKEA01169,TROFAST,4,Excellent product for the price.
REV00420,IKEA00914,MALM,5,Beautiful Scandinavian design.
REV00421,IKEA00765,IVAR,5,Very useful and practical furniture.
REV00422,IKEA00137,HEMNES,5,Good quality and durable.
REV00423,IKEA00380,MICKE,5,Very good quality and easy to assemble.
REV00424,IKEA01147,TROFAST,2,Quality was average.
REV00425,IKEA00302,POANG,4,Good quality and durable.
REV00426,IKEA00801,ALEX,1,Assembly instructions could be better.
REV00427,IKEA01045,BESTA,5,Very good quality and easy to assemble.
REV00428,IKEA01075,ALEX,5,Beautiful Scandinavian design.
REV00429,IKEA01087,HEMNES,1,Quality was average.
REV00430,IKEA00655,TROFAST,5,Perfect for a small apartment.
REV00431,IKEA00984,BILLY,5,Excellent product for the price.
REV00432,IKEA00973,LACK,5,Excellent product for the price.
REV00433,IKEA00203,TROFAST,4,Beautiful Scandinavian design.
REV00434,IKEA01109,PAX,5,Very good quality and easy to assemble.
REV00435,IKEA00300,ALEX,5,Perfect for a small apartment.
REV00436,IKEA01045,BESTA,3,Overall good product.
REV00437,IKEA00979,MALM,5,Very good quality and easy to assemble.
REV00438,IKEA01160,POANG,4,Good quality and durable.
REV00439,IKEA00847,BRIMNES,5,Looks great in my room.
REV00440,IKEA00462,MICKE,5,Very useful and practical furniture.
REV00441,IKEA00123,MICKE,5,Very good quality and easy to assemble.
REV00442,IKEA00657,BRIMNES,5,Very good quality and easy to assemble.
REV00443,IKEA00395,LACK,5,Looks great in my room.
REV00444,IKEA00801,ALEX,4,Perfect for a small apartment.
REV00445,IKEA00461,MICKE,5,Excellent product for the price.
REV00446,IKEA00982,EKET,5,Perfect for a small apartment.
REV00447,IKEA01044,BILLY,5,Good quality and durable.
REV00448,IKEA00323,EKET,4,Beautiful Scandinavian design.
REV00449,IKEA00590,BILLY,5,Very good quality and easy to assemble.
REV00450,IKEA00887,TROFAST,5,Very useful and practical furniture.
REV00451,IKEA00136,HEMNES,5,Good quality and durable.
REV00452,IKEA00299,MICKE,5,Very good quality and easy to assemble.
REV00453,IKEA00757,ALEX,4,Looks great in my room.
REV00454,IKEA00952,POANG,5,Looks great in my room.
REV00455,IKEA00622,HEMNES,5,Beautiful Scandinavian design.
REV00456,IKEA00670,HEMNES,5,Perfect for a small apartment.
REV00457,IKEA00963,POANG,5,Very useful and practical furniture.
REV00458,IKEA01148,EKET,5,Beautiful Scandinavian design.
REV00459,IKEA01176,EKET,3,Assembly takes some time.
REV00460,IKEA00187,TROFAST,5,Looks great in my room.
REV00461,IKEA01092,HEMNES,5,Good quality and durable.
REV00462,IKEA00129,MALM,4,Looks great in my room.
REV00463,IKEA00556,POANG,5,Beautiful Scandinavian design.
REV00464,IKEA01052,IVAR,4,Looks great in my room.
REV00465,IKEA00491,EKET,5,Looks great in my room.
REV00466,IKEA00628,PAX,4,Looks great in my room.
REV00467,IKEA01061,BESTA,5,Looks great in my room.
REV00468,IKEA00541,BRIMNES,5,Good quality and durable.
REV00469,IKEA00386,BILLY,5,Perfect for a small apartment.
REV00470,IKEA00286,EKET,5,Good quality and durable.
REV00471,IKEA00605,EKET,4,Good quality and durable.
REV00472,IKEA00741,MALM,5,Beautiful Scandinavian design.
REV00473,IKEA00658,HEMNES,4,Very useful and practical furniture.
REV00474,IKEA01192,ALEX,5,Very good quality and easy to assemble.
REV00475,IKEA00597,IVAR,5,Excellent product for the price.
REV00476,IKEA00691,MALM,4,Good quality and durable.
REV00477,IKEA01018,HEMNES,4,Very useful and practical furniture.
REV00478,IKEA00992,ALEX,5,Beautiful Scandinavian design.
REV00479,IKEA00941,BESTA,5,Excellent product for the price.
REV00480,IKEA00522,MALM,5,Looks great in my room.
REV00481,IKEA00255,HEMNES,5,Perfect for a small apartment.
REV00482,IKEA01128,MALM,5,Very good quality and easy to assemble.
REV00483,IKEA00137,HEMNES,4,Looks great in my room.
REV00484,IKEA01014,PAX,5,Beautiful Scandinavian design.
REV00485,IKEA01196,BESTA,5,Beautiful Scandinavian design.
REV00486,IKEA01163,LACK,4,Looks great in my room.
REV00487,IKEA00105,EKET,5,Good quality and durable.
REV00488,IKEA01003,EKET,5,Very useful and practical furniture.
REV00489,IKEA00896,BILLY,4,Very good quality and easy to assemble.
REV00490,IKEA00287,KALLAX,4,Looks great in my room.
REV00491,IKEA00112,EKET,2,Assembly instructions could be better.
REV00492,IKEA00569,HEMNES,3,Size was as expected.
REV00493,IKEA00550,LACK,3,Overall good product.
REV00494,IKEA00867,BILLY,4,Good quality and durable.
REV00495,IKEA01161,LACK,3,Overall good product.
REV00496,IKEA00692,EKET,5,Good quality and durable.
REV00497,IKEA00568,BESTA,4,Excellent product for the price.
REV00498,IKEA00473,BRIMNES,4,Beautiful Scandinavian design.
REV00499,IKEA01169,TROFAST,5,Beautiful Scandinavian design.
REV00500,IKEA00725,BRIMNES,5,Excellent product for the price.
REV00501,IKEA00048,PAX,5,Looks great in my room.
REV00502,IKEA00451,PAX,4,Perfect for a small apartment.
REV00503,IKEA00785,MICKE,4,Beautiful Scandinavian design.
REV00504,IKEA00036,HEMNES,5,Very good quality and easy to assemble.
REV00505,IKEA01170,ALEX,5,Looks great in my room.
REV00506,IKEA00996,POANG,3,Decent quality for the price.
REV00507,IKEA00833,BILLY,4,Very useful and practical furniture.
REV00508,IKEA00340,HEMNES,5,Excellent product for the price.
REV00509,IKEA00573,EKET,3,Decent quality for the price.
REV00510,IKEA00632,MICKE,4,Perfect for a small apartment.
REV00511,IKEA00792,BILLY,4,Excellent product for the price.
REV00512,IKEA00206,KALLAX,5,Very useful and practical furniture.
REV00513,IKEA00910,BESTA,4,Good quality and durable.
REV00514,IKEA00788,POANG,5,Perfect for a small apartment.
REV00515,IKEA00779,BRIMNES,2,Some parts were difficult to assemble.
REV00516,IKEA00421,MICKE,5,Very useful and practical furniture.
REV00517,IKEA00895,BRIMNES,5,Beautiful Scandinavian design.
REV00518,IKEA00702,BESTA,4,Very useful and practical furniture.
REV00519,IKEA01040,MICKE,5,Perfect for a small apartment.
REV00520,IKEA00906,BILLY,5,Looks great in my room.
REV00521,IKEA00296,PAX,5,Beautiful Scandinavian design.
REV00522,IKEA00774,PAX,4,Very useful and practical furniture.
REV00523,IKEA00425,MICKE,4,Looks great in my room.
REV00524,IKEA00830,EKET,4,Good quality and durable.
REV00525,IKEA00596,BILLY,5,Very useful and practical furniture.
REV00526,IKEA00962,POANG,5,Good quality and durable.
REV00527,IKEA01154,POANG,4,Good quality and durable.
REV00528,IKEA00133,HEMNES,5,Perfect for a small apartment.
REV00529,IKEA00045,LACK,4,Looks great in my room.
REV00530,IKEA00737,LACK,4,Very useful and practical furniture.
REV00531,IKEA00894,MICKE,5,Very useful and practical furniture.
REV00532,IKEA00184,TROFAST,4,Looks great in my room.
REV00533,IKEA00469,TROFAST,4,Looks great in my room.
REV00534,IKEA00981,MICKE,4,Excellent product for the price.
REV00535,IKEA01200,EKET,5,Beautiful Scandinavian design.
REV00536,IKEA01088,BESTA,5,Perfect for a small apartment.
REV00537,IKEA00075,KALLAX,5,Looks great in my room.
REV00538,IKEA00099,MICKE,5,Very good quality and easy to assemble.
REV00539,IKEA00326,BILLY,3,Size was as expected.
REV00540,IKEA00103,EKET,4,Beautiful Scandinavian design.
REV00541,IKEA00523,MALM,5,Looks great in my room.
REV00542,IKEA00291,LACK,5,Looks great in my room.
REV00543,IKEA00381,BILLY,4,Looks great in my room.
REV00544,IKEA00342,MALM,5,Excellent product for the price.
REV00545,IKEA00189,PAX,5,Beautiful Scandinavian design.
REV00546,IKEA00361,IVAR,4,Very useful and practical furniture.
REV00547,IKEA00867,BILLY,5,Excellent product for the price.
REV00548,IKEA00036,HEMNES,5,Excellent product for the price.
REV00549,IKEA00158,EKET,3,Overall good product.
REV00550,IKEA00552,BRIMNES,5,Excellent product for the price.
REV00551,IKEA01094,IVAR,3,The product is good.
REV00552,IKEA01134,POANG,5,Good quality and durable.
REV00553,IKEA00367,BRIMNES,4,Excellent product for the price.
REV00554,IKEA00504,EKET,5,Looks great in my room.
REV00555,IKEA00352,PAX,5,Beautiful Scandinavian design.
REV00556,IKEA00043,ALEX,5,Very good quality and easy to assemble.
REV00557,IKEA00807,BRIMNES,3,Overall good product.
REV00558,IKEA00961,BESTA,4,Excellent product for the price.
REV00559,IKEA00496,EKET,5,Perfect for a small apartment.
REV00560,IKEA00753,MALM,5,Looks great in my room.
REV00561,IKEA00948,BILLY,4,Excellent product for the price.
REV00562,IKEA00226,LACK,5,Excellent product for the price.
REV00563,IKEA00087,ALEX,3,The product is good.
REV00564,IKEA00279,EKET,1,Not completely satisfied.
REV00565,IKEA01084,BILLY,5,Good quality and durable.
REV00566,IKEA00809,MICKE,5,Good quality and durable.
REV00567,IKEA00828,MALM,5,Very useful and practical furniture.
REV00568,IKEA01065,IVAR,4,Beautiful Scandinavian design.
REV00569,IKEA01183,BRIMNES,5,Good quality and durable.
REV00570,IKEA00830,EKET,5,Beautiful Scandinavian design.
REV00571,IKEA00835,BRIMNES,4,Perfect for a small apartment.
REV00572,IKEA01024,BESTA,3,Overall good product.
REV00573,IKEA00424,BRIMNES,3,Assembly takes some time.
REV00574,IKEA00612,BRIMNES,3,The product is good.
REV00575,IKEA00784,POANG,4,Looks great in my room.
REV00576,IKEA00049,MALM,4,Excellent product for the price.
REV00577,IKEA00033,EKET,4,Perfect for a small apartment.
REV00578,IKEA00302,POANG,4,Beautiful Scandinavian design.
REV00579,IKEA00287,KALLAX,5,Looks great in my room.
REV00580,IKEA00812,PAX,4,Very good quality and easy to assemble.
REV00581,IKEA00466,MICKE,5,Looks great in my room.
REV00582,IKEA00997,PAX,4,Good quality and durable.
REV00583,IKEA00953,KALLAX,4,Excellent product for the price.
REV00584,IKEA00949,LACK,3,Overall good product.
REV00585,IKEA00503,HEMNES,5,Good quality and durable.
REV00586,IKEA00208,ALEX,4,Very good quality and easy to assemble.
REV00587,IKEA00718,MALM,5,Very useful and practical furniture.
REV00588,IKEA00888,EKET,3,Assembly takes some time.
REV00589,IKEA00727,MICKE,5,Beautiful Scandinavian design.
REV00590,IKEA00978,POANG,2,Not completely satisfied.
REV00591,IKEA00139,BRIMNES,4,Excellent product for the price.
REV00592,IKEA00636,HEMNES,5,Excellent product for the price.
REV00593,IKEA00023,BILLY,5,Excellent product for the price.
REV00594,IKEA01151,BRIMNES,4,Very good quality and easy to assemble.
REV00595,IKEA01044,BILLY,4,Beautiful Scandinavian design.
REV00596,IKEA00761,PAX,2,Not completely satisfied.
REV00597,IKEA00685,MICKE,5,Very useful and practical furniture.
REV00598,IKEA00711,POANG,5,Looks great in my room.
REV00599,IKEA00754,MALM,3,Size was as expected.
REV00600,IKEA01200,EKET,3,The product is good.
REV00601,IKEA00999,HEMNES,4,Beautiful Scandinavian design.
REV00602,IKEA00075,KALLAX,5,Beautiful Scandinavian design.
REV00603,IKEA01160,POANG,5,Excellent product for the price.
REV00604,IKEA00774,PAX,4,Good quality and durable.
REV00605,IKEA00901,PAX,5,Good quality and durable.
REV00606,IKEA00548,BILLY,3,Decent quality for the price.
REV00607,IKEA00191,LACK,5,Looks great in my room.
REV00608,IKEA00808,IVAR,4,Very good quality and easy to assemble.
REV00609,IKEA00621,POANG,1,Quality was average.
REV00610,IKEA00399,MICKE,4,Excellent product for the price.
REV00611,IKEA00856,MICKE,5,Excellent product for the price.
REV00612,IKEA00875,BRIMNES,5,Looks great in my room.
REV00613,IKEA00432,KALLAX,1,Assembly instructions could be better.
REV00614,IKEA00335,LACK,5,Looks great in my room.
REV00615,IKEA00989,BESTA,5,Excellent product for the price.
REV00616,IKEA00960,KALLAX,5,Excellent product for the price.
REV00617,IKEA01011,POANG,3,The product is good.
REV00618,IKEA00702,BESTA,5,Looks great in my room.
REV00619,IKEA00961,BESTA,5,Looks great in my room.
REV00620,IKEA01182,TROFAST,5,Perfect for a small apartment.
REV00621,IKEA00678,LACK,5,Looks great in my room.
REV00622,IKEA01079,BESTA,4,Good quality and durable.
REV00623,IKEA01066,MICKE,5,Perfect for a small apartment.
REV00624,IKEA00503,HEMNES,4,Very good quality and easy to assemble.
REV00625,IKEA00889,PAX,5,Looks great in my room.
REV00626,IKEA01043,POANG,4,Good quality and durable.
REV00627,IKEA00829,BRIMNES,3,Size was as expected.
REV00628,IKEA00616,MALM,5,Looks great in my room.
REV00629,IKEA00219,BESTA,5,Beautiful Scandinavian design.
REV00630,IKEA00458,KALLAX,5,Excellent product for the price.
REV00631,IKEA00510,HEMNES,5,Excellent product for the price.
REV00632,IKEA00202,BESTA,5,Beautiful Scandinavian design.
REV00633,IKEA00744,MICKE,4,Very useful and practical furniture.
REV00634,IKEA00859,ALEX,5,Looks great in my room.
REV00635,IKEA00167,LACK,4,Beautiful Scandinavian design.
REV00636,IKEA00986,LACK,5,Good quality and durable.
REV00637,IKEA00136,HEMNES,5,Very good quality and easy to assemble.
REV00638,IKEA00893,KALLAX,4,Very useful and practical furniture.
REV00639,IKEA00316,MALM,4,Very good quality and easy to assemble.
REV00640,IKEA00684,EKET,5,Very good quality and easy to assemble.
REV00641,IKEA00631,POANG,4,Very useful and practical furniture.
REV00642,IKEA00812,PAX,5,Very useful and practical furniture.
REV00643,IKEA00881,EKET,5,Looks great in my room.
REV00644,IKEA00499,MICKE,5,Excellent product for the price.
REV00645,IKEA00689,ALEX,4,Looks great in my room.
REV00646,IKEA00772,BRIMNES,5,Very good quality and easy to assemble.
REV00647,IKEA00169,BRIMNES,3,Overall good product.
REV00648,IKEA00308,BILLY,5,Very useful and practical furniture.
REV00649,IKEA00190,HEMNES,5,Perfect for a small apartment.
REV00650,IKEA00312,MICKE,5,Very good quality and easy to assemble.
REV00651,IKEA00966,POANG,4,Excellent product for the price.
REV00652,IKEA00597,IVAR,5,Looks great in my room.
REV00653,IKEA00732,PAX,5,Very good quality and easy to assemble.
REV00654,IKEA00083,POANG,4,Looks great in my room.
REV00655,IKEA00677,LACK,3,Size was as expected.
REV00656,IKEA00169,BRIMNES,5,Beautiful Scandinavian design.
REV00657,IKEA00001,ALEX,5,Excellent product for the price.
REV00658,IKEA00349,TROFAST,5,Perfect for a small apartment.
REV00659,IKEA01005,BILLY,3,Size was as expected.
REV00660,IKEA00597,IVAR,5,Beautiful Scandinavian design.
REV00661,IKEA00147,POANG,5,Looks great in my room.
REV00662,IKEA00284,TROFAST,3,Size was as expected.
REV00663,IKEA00533,TROFAST,4,Perfect for a small apartment.
REV00664,IKEA01055,BRIMNES,3,Size was as expected.
REV00665,IKEA00459,KALLAX,5,Very good quality and easy to assemble.
REV00666,IKEA00806,KALLAX,5,Good quality and durable.
REV00667,IKEA00334,EKET,5,Perfect for a small apartment.
REV00668,IKEA00927,MICKE,4,Beautiful Scandinavian design.
REV00669,IKEA00628,PAX,4,Good quality and durable.
REV00670,IKEA00822,MICKE,4,Excellent product for the price.
REV00671,IKEA00634,EKET,5,Excellent product for the price.
REV00672,IKEA00493,IVAR,5,Good quality and durable.
REV00673,IKEA00318,MICKE,2,Assembly instructions could be better.
REV00674,IKEA00242,IVAR,3,The product is good.
REV00675,IKEA00259,HEMNES,3,Overall good product.
REV00676,IKEA00579,BESTA,5,Good quality and durable.
REV00677,IKEA00656,PAX,5,Good quality and durable.
REV00678,IKEA00987,PAX,4,Very good quality and easy to assemble.
REV00679,IKEA01131,EKET,5,Looks great in my room.
REV00680,IKEA00430,EKET,5,Good quality and durable.
REV00681,IKEA00070,PAX,4,Very useful and practical furniture.
REV00682,IKEA00393,MICKE,4,Very good quality and easy to assemble.
REV00683,IKEA00065,BILLY,5,Perfect for a small apartment.
REV00684,IKEA00517,POANG,4,Perfect for a small apartment.
REV00685,IKEA01020,BRIMNES,5,Very useful and practical furniture.
REV00686,IKEA00663,ALEX,4,Perfect for a small apartment.
REV00687,IKEA00670,HEMNES,5,Good quality and durable.
REV00688,IKEA00865,IVAR,5,Perfect for a small apartment.
REV00689,IKEA01161,LACK,5,Excellent product for the price.
REV00690,IKEA00016,BILLY,5,Excellent product for the price.
REV00691,IKEA00514,ALEX,4,Very useful and practical furniture.
REV00692,IKEA00686,KALLAX,3,Decent quality for the price.
REV00693,IKEA00492,BESTA,5,Very useful and practical furniture.
REV00694,IKEA00570,MALM,5,Good quality and durable.
REV00695,IKEA00370,EKET,4,Perfect for a small apartment.
REV00696,IKEA00019,BILLY,5,Good quality and durable.
REV00697,IKEA00703,MALM,5,Looks great in my room.
REV00698,IKEA00691,MALM,1,Not completely satisfied.
REV00699,IKEA01027,ALEX,4,Excellent product for the price.
REV00700,IKEA00681,EKET,5,Perfect for a small apartment.
REV00701,IKEA01035,BRIMNES,4,Very useful and practical furniture.
REV00702,IKEA01083,BILLY,5,Beautiful Scandinavian design.
REV00703,IKEA00403,HEMNES,4,Good quality and durable.
REV00704,IKEA00081,BESTA,5,Good quality and durable.
REV00705,IKEA01121,MALM,4,Perfect for a small apartment.
REV00706,IKEA00935,MALM,2,Some parts were difficult to assemble.
REV00707,IKEA00037,BESTA,4,Good quality and durable.
REV00708,IKEA00129,MALM,5,Very useful and practical furniture.
REV00709,IKEA00950,TROFAST,5,Beautiful Scandinavian design.
REV00710,IKEA01172,ALEX,4,Looks great in my room.
REV00711,IKEA00457,MALM,4,Looks great in my room.
REV00712,IKEA00080,IVAR,5,Good quality and durable.
REV00713,IKEA01187,ALEX,4,Looks great in my room.
REV00714,IKEA00009,MICKE,5,Very good quality and easy to assemble.
REV00715,IKEA00455,TROFAST,5,Very useful and practical furniture.
REV00716,IKEA00490,POANG,4,Very useful and practical furniture.
REV00717,IKEA00098,IVAR,5,Perfect for a small apartment.
REV00718,IKEA00561,BRIMNES,5,Beautiful Scandinavian design.
REV00719,IKEA00854,TROFAST,1,Some parts were difficult to assemble.
REV00720,IKEA00105,EKET,5,Beautiful Scandinavian design.
REV00721,IKEA00438,IVAR,5,Beautiful Scandinavian design.
REV00722,IKEA00589,KALLAX,5,Perfect for a small apartment.
REV00723,IKEA00481,KALLAX,5,Very useful and practical furniture.
REV00724,IKEA01149,MALM,5,Excellent product for the price.
REV00725,IKEA01117,MICKE,5,Very good quality and easy to assemble.
REV00726,IKEA00880,BESTA,3,Decent quality for the price.
REV00727,IKEA00983,BRIMNES,2,Quality was average.
REV00728,IKEA00529,KALLAX,4,Looks great in my room.
REV00729,IKEA00527,ALEX,4,Very useful and practical furniture.
REV00730,IKEA00418,TROFAST,5,Looks great in my room.
REV00731,IKEA00200,EKET,5,Looks great in my room.
REV00732,IKEA00634,EKET,5,Good quality and durable.
REV00733,IKEA01124,HEMNES,5,Very good quality and easy to assemble.
REV00734,IKEA00319,EKET,5,Perfect for a small apartment.
REV00735,IKEA00007,MALM,5,Very good quality and easy to assemble.
REV00736,IKEA00554,POANG,5,Very good quality and easy to assemble.
REV00737,IKEA00925,EKET,4,Beautiful Scandinavian design.
REV00738,IKEA01095,PAX,5,Very good quality and easy to assemble.
REV00739,IKEA00986,LACK,5,Looks great in my room.
REV00740,IKEA00171,HEMNES,4,Very good quality and easy to assemble.
REV00741,IKEA00724,MALM,4,Perfect for a small apartment.
REV00742,IKEA00388,EKET,5,Looks great in my room.
REV00743,IKEA00038,PAX,5,Beautiful Scandinavian design.
REV00744,IKEA00177,IVAR,5,Excellent product for the price.
REV00745,IKEA00299,MICKE,4,Beautiful Scandinavian design.
REV00746,IKEA01096,BILLY,4,Perfect for a small apartment.
REV00747,IKEA00720,IVAR,2,Not completely satisfied.
REV00748,IKEA00886,BESTA,3,Size was as expected.
REV00749,IKEA00825,ALEX,4,Excellent product for the price.
REV00750,IKEA00991,MICKE,5,Good quality and durable.
REV00751,IKEA00138,BILLY,5,Good quality and durable.
REV00752,IKEA00465,POANG,5,Perfect for a small apartment.
REV00753,IKEA01013,MALM,5,Very useful and practical furniture.
REV00754,IKEA00794,POANG,4,Looks great in my room.
REV00755,IKEA00408,BESTA,5,Very good quality and easy to assemble.
REV00756,IKEA00928,IVAR,4,Beautiful Scandinavian design.
REV00757,IKEA00728,POANG,1,Some parts were difficult to assemble.
REV00758,IKEA00694,BESTA,4,Perfect for a small apartment.
REV00759,IKEA00016,BILLY,5,Perfect for a small apartment.
REV00760,IKEA00950,TROFAST,3,Overall good product.
REV00761,IKEA01067,POANG,5,Very good quality and easy to assemble.
REV00762,IKEA00279,EKET,5,Beautiful Scandinavian design.
REV00763,IKEA01130,BESTA,5,Looks great in my room.
REV00764,IKEA00246,LACK,5,Very good quality and easy to assemble.
REV00765,IKEA00650,PAX,4,Beautiful Scandinavian design.
REV00766,IKEA00872,BILLY,4,Perfect for a small apartment.
REV00767,IKEA00219,BESTA,3,Assembly takes some time.
REV00768,IKEA00281,MICKE,5,Perfect for a small apartment.
REV00769,IKEA00778,IVAR,5,Looks great in my room.
REV00770,IKEA00697,POANG,5,Very good quality and easy to assemble.
REV00771,IKEA01088,BESTA,4,Very useful and practical furniture.
REV00772,IKEA00632,MICKE,5,Very useful and practical furniture.
REV00773,IKEA00047,BESTA,2,Some parts were difficult to assemble.
REV00774,IKEA00672,TROFAST,4,Very good quality and easy to assemble.
REV00775,IKEA00282,BRIMNES,5,Beautiful Scandinavian design.
REV00776,IKEA00206,KALLAX,4,Very good quality and easy to assemble.
REV00777,IKEA00542,KALLAX,5,Looks great in my room.
REV00778,IKEA00254,KALLAX,4,Excellent product for the price.
REV00779,IKEA01193,POANG,5,Excellent product for the price.
REV00780,IKEA00101,MALM,4,Perfect for a small apartment.
REV00781,IKEA01127,MICKE,5,Perfect for a small apartment.
REV00782,IKEA00164,MICKE,5,Beautiful Scandinavian design.
REV00783,IKEA01183,BRIMNES,5,Beautiful Scandinavian design.
REV00784,IKEA00609,KALLAX,5,Good quality and durable.
REV00785,IKEA00610,PAX,3,The product is good.
REV00786,IKEA00084,LACK,4,Very useful and practical furniture.
REV00787,IKEA00191,LACK,5,Looks great in my room.
REV00788,IKEA00107,TROFAST,3,Overall good product.
REV00789,IKEA00009,MICKE,3,The product is good.
REV00790,IKEA00088,LACK,5,Looks great in my room.
REV00791,IKEA00832,KALLAX,5,Looks great in my room.
REV00792,IKEA00326,BILLY,5,Beautiful Scandinavian design.
REV00793,IKEA00508,LACK,3,Decent quality for the price.
REV00794,IKEA00380,MICKE,5,Beautiful Scandinavian design.
REV00795,IKEA00213,POANG,5,Very good quality and easy to assemble.
REV00796,IKEA00964,PAX,4,Good quality and durable.
REV00797,IKEA00260,MALM,4,Perfect for a small apartment.
REV00798,IKEA01044,BILLY,4,Very useful and practical furniture.
REV00799,IKEA00011,IVAR,5,Looks great in my room.
REV00800,IKEA01182,TROFAST,5,Perfect for a small apartment.
REV00801,IKEA00385,POANG,5,Excellent product for the price.
REV00802,IKEA00122,ALEX,4,Beautiful Scandinavian design.
REV00803,IKEA00796,EKET,4,Beautiful Scandinavian design.
REV00804,IKEA00600,TROFAST,4,Very useful and practical furniture.
REV00805,IKEA00843,EKET,5,Looks great in my room.
REV00806,IKEA00552,BRIMNES,4,Perfect for a small apartment.
REV00807,IKEA00256,PAX,5,Looks great in my room.
REV00808,IKEA01020,BRIMNES,1,Assembly instructions could be better.
REV00809,IKEA00831,BILLY,5,Good quality and durable.
REV00810,IKEA00519,EKET,5,Beautiful Scandinavian design.
REV00811,IKEA00378,POANG,5,Beautiful Scandinavian design.
REV00812,IKEA00246,LACK,5,Excellent product for the price.
REV00813,IKEA00272,LACK,5,Excellent product for the price.
REV00814,IKEA00512,IVAR,5,Good quality and durable.
REV00815,IKEA00148,LACK,5,Excellent product for the price.
REV00816,IKEA00447,KALLAX,4,Very good quality and easy to assemble.
REV00817,IKEA01177,MICKE,1,Quality was average.
REV00818,IKEA00227,POANG,5,Very good quality and easy to assemble.
REV00819,IKEA00847,BRIMNES,3,Decent quality for the price.
REV00820,IKEA00916,HEMNES,3,Overall good product.
REV00821,IKEA00756,TROFAST,4,Very useful and practical furniture.
REV00822,IKEA00776,BILLY,5,Good quality and durable.
REV00823,IKEA00564,LACK,4,Excellent product for the price.
REV00824,IKEA00299,MICKE,4,Looks great in my room.
REV00825,IKEA00386,BILLY,5,Perfect for a small apartment.
REV00826,IKEA00498,BESTA,5,Looks great in my room.
REV00827,IKEA00896,BILLY,2,Assembly instructions could be better.
REV00828,IKEA00888,EKET,5,Very good quality and easy to assemble.
REV00829,IKEA00123,MICKE,5,Beautiful Scandinavian design.
REV00830,IKEA00593,TROFAST,4,Very good quality and easy to assemble.
REV00831,IKEA00589,KALLAX,3,Assembly takes some time.
REV00832,IKEA00363,PAX,4,Very good quality and easy to assemble.
REV00833,IKEA00970,BILLY,5,Beautiful Scandinavian design.
REV00834,IKEA00134,BESTA,5,Looks great in my room.
REV00835,IKEA00621,POANG,5,Very useful and practical furniture.
REV00836,IKEA00412,EKET,5,Looks great in my room.
REV00837,IKEA00977,MICKE,5,Looks great in my room.
REV00838,IKEA00329,BESTA,5,Very useful and practical furniture.
REV00839,IKEA00274,TROFAST,1,Quality was average.
REV00840,IKEA00996,POANG,4,Beautiful Scandinavian design.
REV00841,IKEA01044,BILLY,5,Excellent product for the price.
REV00842,IKEA00225,ALEX,4,Looks great in my room.
REV00843,IKEA01070,BRIMNES,4,Very good quality and easy to assemble.
REV00844,IKEA00557,MALM,5,Beautiful Scandinavian design.
REV00845,IKEA00636,HEMNES,5,Very good quality and easy to assemble.
REV00846,IKEA00129,MALM,5,Very good quality and easy to assemble.
REV00847,IKEA00495,MICKE,5,Looks great in my room.
REV00848,IKEA00501,POANG,5,Good quality and durable.
REV00849,IKEA01139,EKET,5,Beautiful Scandinavian design.
REV00850,IKEA01086,HEMNES,5,Good quality and durable.
REV00851,IKEA01018,HEMNES,5,Very good quality and easy to assemble.
REV00852,IKEA00306,MICKE,5,Looks great in my room.
REV00853,IKEA01135,BESTA,4,Looks great in my room.
REV00854,IKEA00003,LACK,5,Excellent product for the price.
REV00855,IKEA00223,TROFAST,5,Good quality and durable.
REV00856,IKEA00871,EKET,4,Perfect for a small apartment.
REV00857,IKEA00557,MALM,5,Good quality and durable.
REV00858,IKEA00824,IVAR,5,Beautiful Scandinavian design.
REV00859,IKEA01158,BRIMNES,5,Very good quality and easy to assemble.
REV00860,IKEA00779,BRIMNES,5,Excellent product for the price.
REV00861,IKEA00502,TROFAST,4,Perfect for a small apartment.
REV00862,IKEA00689,ALEX,4,Perfect for a small apartment.
REV00863,IKEA00494,LACK,5,Very useful and practical furniture.
REV00864,IKEA00467,MALM,4,Beautiful Scandinavian design.
REV00865,IKEA00034,TROFAST,5,Very good quality and easy to assemble.
REV00866,IKEA01158,BRIMNES,5,Excellent product for the price.
REV00867,IKEA00842,MICKE,5,Excellent product for the price.
REV00868,IKEA00957,LACK,4,Good quality and durable.
REV00869,IKEA00149,LACK,3,Size was as expected.
REV00870,IKEA00904,ALEX,5,Excellent product for the price.
REV00871,IKEA00440,IVAR,4,Very good quality and easy to assemble.
REV00872,IKEA00075,KALLAX,4,Beautiful Scandinavian design.
REV00873,IKEA00838,MICKE,3,Assembly takes some time.
REV00874,IKEA00922,HEMNES,5,Very good quality and easy to assemble.
REV00875,IKEA00698,BESTA,5,Beautiful Scandinavian design.
REV00876,IKEA00244,TROFAST,3,Assembly takes some time.
REV00877,IKEA01100,ALEX,5,Perfect for a small apartment.
REV00878,IKEA00494,LACK,2,Some parts were difficult to assemble.
REV00879,IKEA01109,PAX,4,Perfect for a small apartment.
REV00880,IKEA00014,POANG,5,Very useful and practical furniture.
REV00881,IKEA00444,ALEX,5,Looks great in my room.
REV00882,IKEA00205,ALEX,3,Size was as expected.
REV00883,IKEA00470,HEMNES,5,Looks great in my room.
REV00884,IKEA00001,ALEX,4,Looks great in my room.
REV00885,IKEA00731,BRIMNES,5,Beautiful Scandinavian design.
REV00886,IKEA00337,IVAR,2,Assembly instructions could be better.
REV00887,IKEA01171,EKET,2,Some parts were difficult to assemble.
REV00888,IKEA00395,LACK,4,Excellent product for the price.
REV00889,IKEA00480,TROFAST,5,Good quality and durable.
REV00890,IKEA00368,TROFAST,4,Excellent product for the price.
REV00891,IKEA00405,POANG,3,The product is good.
REV00892,IKEA00126,ALEX,5,Excellent product for the price.
REV00893,IKEA00276,POANG,2,Quality was average.
REV00894,IKEA00751,EKET,5,Perfect for a small apartment.
REV00895,IKEA00614,EKET,5,Very useful and practical furniture.
REV00896,IKEA00316,MALM,5,Perfect for a small apartment.
REV00897,IKEA00326,BILLY,5,Very good quality and easy to assemble.
REV00898,IKEA00351,BRIMNES,4,Beautiful Scandinavian design.
REV00899,IKEA00359,BILLY,5,Very useful and practical furniture.
REV00900,IKEA00223,TROFAST,3,Decent quality for the price.
REV00901,IKEA00434,TROFAST,3,The product is good.
REV00902,IKEA00223,TROFAST,4,Good quality and durable.
REV00903,IKEA00341,BRIMNES,4,Beautiful Scandinavian design.
REV00904,IKEA01137,BESTA,5,Beautiful Scandinavian design.
REV00905,IKEA01200,EKET,5,Very useful and practical furniture.
REV00906,IKEA00323,EKET,5,Beautiful Scandinavian design.
REV00907,IKEA01092,HEMNES,5,Excellent product for the price.
REV00908,IKEA00920,BESTA,4,Beautiful Scandinavian design.
REV00909,IKEA00912,BRIMNES,4,Looks great in my room.
REV00910,IKEA00439,ALEX,5,Perfect for a small apartment.
REV00911,IKEA00042,KALLAX,4,Looks great in my room.
REV00912,IKEA00770,PAX,5,Very useful and practical furniture.
REV00913,IKEA00187,TROFAST,5,Very good quality and easy to assemble.
REV00914,IKEA00260,MALM,5,Excellent product for the price.
REV00915,IKEA01093,BESTA,5,Very good quality and easy to assemble.
REV00916,IKEA01148,EKET,5,Good quality and durable.
REV00917,IKEA01190,IVAR,5,Perfect for a small apartment.
REV00918,IKEA00277,MALM,3,Decent quality for the price.
REV00919,IKEA01104,EKET,5,Perfect for a small apartment.
REV00920,IKEA00259,HEMNES,4,Very good quality and easy to assemble.
REV00921,IKEA01042,ALEX,5,Beautiful Scandinavian design.
REV00922,IKEA00152,BILLY,4,Beautiful Scandinavian design.
REV00923,IKEA00172,TROFAST,4,Beautiful Scandinavian design.
REV00924,IKEA00192,EKET,4,Looks great in my room.
REV00925,IKEA01125,HEMNES,3,Decent quality for the price.
REV00926,IKEA00091,HEMNES,4,Perfect for a small apartment.
REV00927,IKEA00421,MICKE,3,Decent quality for the price.
REV00928,IKEA00184,TROFAST,5,Beautiful Scandinavian design.
REV00929,IKEA00906,BILLY,3,Size was as expected.
REV00930,IKEA00165,EKET,5,Looks great in my room.
REV00931,IKEA00944,EKET,4,Looks great in my room.
REV00932,IKEA00692,EKET,2,Assembly instructions could be better.
REV00933,IKEA00056,MICKE,5,Good quality and durable.
REV00934,IKEA00050,IVAR,5,Good quality and durable.
REV00935,IKEA00063,MALM,3,Decent quality for the price.
REV00936,IKEA01200,EKET,3,Decent quality for the price.
REV00937,IKEA00985,MALM,5,Very good quality and easy to assemble.
REV00938,IKEA00900,POANG,5,Beautiful Scandinavian design.
REV00939,IKEA00761,PAX,3,Size was as expected.
REV00940,IKEA00053,ALEX,5,Looks great in my room.
REV00941,IKEA00641,LACK,4,Very good quality and easy to assemble.
REV00942,IKEA01033,LACK,5,Perfect for a small apartment.
REV00943,IKEA00599,MALM,4,Very good quality and easy to assemble.
REV00944,IKEA01118,TROFAST,5,Beautiful Scandinavian design.
REV00945,IKEA01181,MICKE,5,Looks great in my room.
REV00946,IKEA01006,POANG,5,Perfect for a small apartment.
REV00947,IKEA00157,MICKE,4,Perfect for a small apartment.
REV00948,IKEA00592,BILLY,5,Perfect for a small apartment.
REV00949,IKEA00087,ALEX,4,Very useful and practical furniture.
REV00950,IKEA00083,POANG,5,Very useful and practical furniture.
REV00951,IKEA00054,TROFAST,2,Assembly instructions could be better.
REV00952,IKEA00006,ALEX,5,Excellent product for the price.
REV00953,IKEA00774,PAX,4,Looks great in my room.
REV00954,IKEA00182,LACK,4,Beautiful Scandinavian design.
REV00955,IKEA00564,LACK,5,Very useful and practical furniture.
REV00956,IKEA00774,PAX,5,Excellent product for the price.
REV00957,IKEA00846,MALM,3,Assembly takes some time.
REV00958,IKEA01048,BRIMNES,4,Looks great in my room.
REV00959,IKEA00757,ALEX,5,Looks great in my room.
REV00960,IKEA00636,HEMNES,5,Perfect for a small apartment.
REV00961,IKEA01182,TROFAST,4,Very good quality and easy to assemble.
REV00962,IKEA01132,LACK,5,Good quality and durable.
REV00963,IKEA00963,POANG,3,Decent quality for the price.
REV00964,IKEA00493,IVAR,4,Perfect for a small apartment.
REV00965,IKEA01144,IVAR,5,Looks great in my room.
REV00966,IKEA00035,LACK,5,Perfect for a small apartment.
REV00967,IKEA01077,BESTA,4,Very good quality and easy to assemble.
REV00968,IKEA00125,BESTA,4,Very good quality and easy to assemble.
REV00969,IKEA00251,LACK,5,Looks great in my room.
REV00970,IKEA01083,BILLY,3,Size was as expected.
REV00971,IKEA01084,BILLY,5,Looks great in my room.
REV00972,IKEA00530,PAX,5,Good quality and durable.
REV00973,IKEA00364,LACK,5,Very useful and practical furniture.
REV00974,IKEA01021,IVAR,5,Excellent product for the price.
REV00975,IKEA01057,KALLAX,4,Good quality and durable.
REV00976,IKEA00385,POANG,5,Very good quality and easy to assemble.
REV00977,IKEA00819,BRIMNES,4,Excellent product for the price.
REV00978,IKEA00135,EKET,3,The product is good.
REV00979,IKEA00605,EKET,5,Beautiful Scandinavian design.
REV00980,IKEA01171,EKET,5,Good quality and durable.
REV00981,IKEA00630,IVAR,4,Excellent product for the price.
REV00982,IKEA00043,ALEX,4,Very useful and practical furniture.
REV00983,IKEA00268,BRIMNES,4,Good quality and durable.
REV00984,IKEA01083,BILLY,4,Very good quality and easy to assemble.
REV00985,IKEA00635,HEMNES,5,Looks great in my room.
REV00986,IKEA00169,BRIMNES,5,Very good quality and easy to assemble.
REV00987,IKEA00800,HEMNES,4,Good quality and durable.
REV00988,IKEA00799,IVAR,4,Perfect for a small apartment.
REV00989,IKEA00766,MICKE,5,Perfect for a small apartment.
REV00990,IKEA00087,ALEX,4,Perfect for a small apartment.
REV00991,IKEA00470,HEMNES,5,Looks great in my room.
REV00992,IKEA00697,POANG,5,Excellent product for the price.
REV00993,IKEA00602,ALEX,4,Perfect for a small apartment.
REV00994,IKEA00048,PAX,5,Very useful and practical furniture.
REV00995,IKEA00773,BILLY,4,Perfect for a small apartment.
REV00996,IKEA00574,ALEX,5,Beautiful Scandinavian design.
REV00997,IKEA01180,HEMNES,5,Beautiful Scandinavian design.
REV00998,IKEA01035,BRIMNES,5,Very good quality and easy to assemble.
REV00999,IKEA00463,LACK,5,Looks great in my room.
REV01000,IKEA00495,MICKE,5,Beautiful Scandinavian design.
REV01001,IKEA01063,KALLAX,4,Looks great in my room.
REV01002,IKEA00680,BRIMNES,5,Excellent product for the price.
REV01003,IKEA00954,ALEX,5,Good quality and durable.
REV01004,IKEA00127,BRIMNES,5,Looks great in my room.
REV01005,IKEA00077,MICKE,4,Good quality and durable.
REV01006,IKEA00118,BILLY,5,Looks great in my room.
REV01007,IKEA00490,POANG,4,Excellent product for the price.
REV01008,IKEA00428,BRIMNES,5,Perfect for a small apartment.
REV01009,IKEA00728,POANG,4,Beautiful Scandinavian design.
REV01010,IKEA00528,ALEX,5,Good quality and durable.
REV01011,IKEA00251,LACK,4,Excellent product for the price.
REV01012,IKEA00290,PAX,5,Very good quality and easy to assemble.
REV01013,IKEA00194,HEMNES,5,Very useful and practical furniture.
REV01014,IKEA01078,POANG,5,Perfect for a small apartment.
REV01015,IKEA00254,KALLAX,5,Beautiful Scandinavian design.
REV01016,IKEA00407,PAX,4,Very good quality and easy to assemble.
REV01017,IKEA00406,KALLAX,5,Excellent product for the price.
REV01018,IKEA00830,EKET,5,Excellent product for the price.
REV01019,IKEA00081,BESTA,5,Perfect for a small apartment.
REV01020,IKEA00072,LACK,5,Very good quality and easy to assemble.
REV01021,IKEA01035,BRIMNES,5,Looks great in my room.
REV01022,IKEA00798,PAX,3,Size was as expected.
REV01023,IKEA00834,PAX,5,Good quality and durable.
REV01024,IKEA01075,ALEX,5,Very good quality and easy to assemble.
REV01025,IKEA00379,MICKE,4,Very good quality and easy to assemble.
REV01026,IKEA00061,HEMNES,5,Looks great in my room.
REV01027,IKEA00850,BRIMNES,3,Decent quality for the price.
REV01028,IKEA01073,KALLAX,5,Excellent product for the price.
REV01029,IKEA00773,BILLY,4,Good quality and durable.
REV01030,IKEA01019,TROFAST,4,Looks great in my room.
REV01031,IKEA00246,LACK,5,Very useful and practical furniture.
REV01032,IKEA00007,MALM,5,Good quality and durable.
REV01033,IKEA00438,IVAR,4,Beautiful Scandinavian design.
REV01034,IKEA00709,ALEX,3,Overall good product.
REV01035,IKEA00157,MICKE,4,Very good quality and easy to assemble.
REV01036,IKEA00253,BRIMNES,5,Good quality and durable.
REV01037,IKEA01178,ALEX,4,Beautiful Scandinavian design.
REV01038,IKEA00599,MALM,4,Very useful and practical furniture.
REV01039,IKEA01086,HEMNES,5,Perfect for a small apartment.
REV01040,IKEA00055,IVAR,5,Perfect for a small apartment.
REV01041,IKEA00835,BRIMNES,4,Perfect for a small apartment.
REV01042,IKEA00323,EKET,5,Beautiful Scandinavian design.
REV01043,IKEA01036,EKET,3,Decent quality for the price.
REV01044,IKEA00925,EKET,4,Looks great in my room.
REV01045,IKEA00857,ALEX,3,Assembly takes some time.
REV01046,IKEA00075,KALLAX,5,Perfect for a small apartment.
REV01047,IKEA00603,LACK,3,Size was as expected.
REV01048,IKEA00835,BRIMNES,5,Very good quality and easy to assemble.
REV01049,IKEA00752,MALM,5,Perfect for a small apartment.
REV01050,IKEA00692,EKET,4,Very useful and practical furniture.
REV01051,IKEA00878,IVAR,4,Perfect for a small apartment.
REV01052,IKEA00095,EKET,5,Very good quality and easy to assemble.
REV01053,IKEA00239,BILLY,5,Very useful and practical furniture.
REV01054,IKEA00037,BESTA,5,Excellent product for the price.
REV01055,IKEA00114,MALM,5,Excellent product for the price.
REV01056,IKEA00740,EKET,4,Beautiful Scandinavian design.
REV01057,IKEA00182,LACK,5,Perfect for a small apartment.
REV01058,IKEA00056,MICKE,4,Good quality and durable.
REV01059,IKEA00934,BRIMNES,3,Decent quality for the price.
REV01060,IKEA00205,ALEX,5,Perfect for a small apartment.
REV01061,IKEA00448,MICKE,4,Looks great in my room.
REV01062,IKEA00729,TROFAST,3,The product is good.
REV01063,IKEA01043,POANG,5,Very useful and practical furniture.
REV01064,IKEA01172,ALEX,3,The product is good.
REV01065,IKEA00870,BILLY,5,Good quality and durable.
REV01066,IKEA00293,HEMNES,5,Beautiful Scandinavian design.
REV01067,IKEA00541,BRIMNES,4,Very good quality and easy to assemble.
REV01068,IKEA00238,POANG,4,Beautiful Scandinavian design.
REV01069,IKEA00011,IVAR,5,Very useful and practical furniture.
REV01070,IKEA00398,LACK,4,Excellent product for the price.
REV01071,IKEA00977,MICKE,5,Beautiful Scandinavian design.
REV01072,IKEA01083,BILLY,3,Overall good product.
REV01073,IKEA00435,BRIMNES,4,Looks great in my room.
REV01074,IKEA00255,HEMNES,3,Assembly takes some time.
REV01075,IKEA00925,EKET,5,Very good quality and easy to assemble.
REV01076,IKEA00098,IVAR,5,Beautiful Scandinavian design.
REV01077,IKEA01190,IVAR,5,Perfect for a small apartment.
REV01078,IKEA00593,TROFAST,4,Excellent product for the price.
REV01079,IKEA00033,EKET,5,Very useful and practical furniture.
REV01080,IKEA00523,MALM,5,Excellent product for the price.
REV01081,IKEA00826,KALLAX,5,Good quality and durable.
REV01082,IKEA01174,MICKE,5,Good quality and durable.
REV01083,IKEA00862,EKET,5,Beautiful Scandinavian design.
REV01084,IKEA00770,PAX,5,Good quality and durable.
REV01085,IKEA00608,BESTA,5,Good quality and durable.
REV01086,IKEA00935,MALM,3,Size was as expected.
REV01087,IKEA00606,MALM,3,Assembly takes some time.
REV01088,IKEA01187,ALEX,4,Beautiful Scandinavian design.
REV01089,IKEA00509,MALM,3,Size was as expected.
REV01090,IKEA00211,IVAR,4,Perfect for a small apartment.
REV01091,IKEA01025,LACK,5,Beautiful Scandinavian design.
REV01092,IKEA00399,MICKE,5,Excellent product for the price.
REV01093,IKEA00222,HEMNES,4,Perfect for a small apartment.
REV01094,IKEA00457,MALM,4,Excellent product for the price.
REV01095,IKEA00881,EKET,4,Beautiful Scandinavian design.
REV01096,IKEA00113,EKET,4,Good quality and durable.
REV01097,IKEA00048,PAX,5,Very useful and practical furniture.
REV01098,IKEA00318,MICKE,4,Very good quality and easy to assemble.
REV01099,IKEA00937,KALLAX,5,Very good quality and easy to assemble.
REV01100,IKEA00906,BILLY,4,Excellent product for the price.
REV01101,IKEA00634,EKET,5,Good quality and durable.
REV01102,IKEA00468,TROFAST,5,Excellent product for the price.
REV01103,IKEA00668,EKET,5,Beautiful Scandinavian design.
REV01104,IKEA00741,MALM,5,Beautiful Scandinavian design.
REV01105,IKEA00284,TROFAST,5,Beautiful Scandinavian design.
REV01106,IKEA00036,HEMNES,5,Looks great in my room.
REV01107,IKEA00007,MALM,5,Very useful and practical furniture.
REV01108,IKEA00242,IVAR,5,Good quality and durable.
REV01109,IKEA01160,POANG,5,Looks great in my room.
REV01110,IKEA00062,HEMNES,5,Perfect for a small apartment.
REV01111,IKEA00302,POANG,4,Perfect for a small apartment.
REV01112,IKEA00735,LACK,5,Excellent product for the price.
REV01113,IKEA00890,POANG,5,Very good quality and easy to assemble.
REV01114,IKEA01128,MALM,4,Very useful and practical furniture.
REV01115,IKEA00706,BESTA,4,Very good quality and easy to assemble.
REV01116,IKEA00444,ALEX,1,Not completely satisfied.
REV01117,IKEA00873,TROFAST,3,Decent quality for the price.
REV01118,IKEA00390,TROFAST,5,Looks great in my room.
REV01119,IKEA01171,EKET,4,Perfect for a small apartment.
REV01120,IKEA00247,IVAR,4,Excellent product for the price.
REV01121,IKEA00547,POANG,4,Excellent product for the price.
REV01122,IKEA00493,IVAR,5,Perfect for a small apartment.
REV01123,IKEA00637,BRIMNES,5,Looks great in my room.
REV01124,IKEA00084,LACK,5,Perfect for a small apartment.
REV01125,IKEA00337,IVAR,5,Excellent product for the price.
REV01126,IKEA00003,LACK,1,Product was smaller than expected.
REV01127,IKEA00890,POANG,5,Very useful and practical furniture.
REV01128,IKEA00129,MALM,5,Very good quality and easy to assemble.
REV01129,IKEA00793,LACK,5,Very good quality and easy to assemble.
REV01130,IKEA00167,LACK,5,Perfect for a small apartment.
REV01131,IKEA00686,KALLAX,5,Perfect for a small apartment.
REV01132,IKEA00053,ALEX,2,Assembly instructions could be better.
REV01133,IKEA00769,BILLY,5,Beautiful Scandinavian design.
REV01134,IKEA00572,KALLAX,3,Size was as expected.
REV01135,IKEA00150,BILLY,5,Looks great in my room.
REV01136,IKEA00112,EKET,5,Perfect for a small apartment.
REV01137,IKEA00363,PAX,5,Beautiful Scandinavian design.
REV01138,IKEA00402,ALEX,5,Very useful and practical furniture.
REV01139,IKEA00843,EKET,5,Very good quality and easy to assemble.
REV01140,IKEA00755,HEMNES,4,Looks great in my room.
REV01141,IKEA00554,POANG,1,Not completely satisfied.
REV01142,IKEA00903,POANG,4,Looks great in my room.
REV01143,IKEA00801,ALEX,4,Good quality and durable.
REV01144,IKEA00920,BESTA,5,Good quality and durable.
REV01145,IKEA00826,KALLAX,5,Very useful and practical furniture.
REV01146,IKEA00267,IVAR,5,Looks great in my room.
REV01147,IKEA00040,MICKE,5,Very good quality and easy to assemble.
REV01148,IKEA01008,MALM,5,Perfect for a small apartment.
REV01149,IKEA00972,POANG,5,Very good quality and easy to assemble.
REV01150,IKEA00330,LACK,5,Beautiful Scandinavian design.
REV01151,IKEA00137,HEMNES,5,Looks great in my room.
REV01152,IKEA00047,BESTA,4,Beautiful Scandinavian design.
REV01153,IKEA01093,BESTA,4,Excellent product for the price.
REV01154,IKEA00407,PAX,4,Excellent product for the price.
REV01155,IKEA00183,EKET,5,Looks great in my room.
REV01156,IKEA00733,EKET,5,Excellent product for the price.
REV01157,IKEA00415,BILLY,4,Very useful and practical furniture.
REV01158,IKEA00223,TROFAST,5,Very good quality and easy to assemble.
REV01159,IKEA00951,PAX,1,Quality was average.
REV01160,IKEA00209,PAX,3,Decent quality for the price.
REV01161,IKEA00001,ALEX,4,Excellent product for the price.
REV01162,IKEA00865,IVAR,4,Beautiful Scandinavian design.
REV01163,IKEA00651,KALLAX,3,The product is good.
REV01164,IKEA01119,IVAR,5,Looks great in my room.
REV01165,IKEA00771,MICKE,3,Decent quality for the price.
REV01166,IKEA00917,BESTA,3,Size was as expected.
REV01167,IKEA00608,BESTA,4,Beautiful Scandinavian design.
REV01168,IKEA00101,MALM,5,Excellent product for the price.
REV01169,IKEA01186,BILLY,4,Excellent product for the price.
REV01170,IKEA00811,MALM,4,Very good quality and easy to assemble.
REV01171,IKEA00194,HEMNES,4,Looks great in my room.
REV01172,IKEA00109,IVAR,4,Excellent product for the price.
REV01173,IKEA00513,MALM,5,Very useful and practical furniture.
REV01174,IKEA00964,PAX,5,Excellent product for the price.
REV01175,IKEA00949,LACK,5,Very useful and practical furniture.
REV01176,IKEA01052,IVAR,4,Excellent product for the price.
REV01177,IKEA00154,MALM,1,Quality was average.
REV01178,IKEA00189,PAX,5,Perfect for a small apartment.
REV01179,IKEA01099,MALM,5,Very good quality and easy to assemble.
REV01180,IKEA00397,LACK,4,Very useful and practical furniture.
REV01181,IKEA00352,PAX,5,Looks great in my room.
REV01182,IKEA01007,HEMNES,5,Good quality and durable.
REV01183,IKEA00897,PAX,4,Very useful and practical furniture.
REV01184,IKEA00475,BILLY,5,Beautiful Scandinavian design.
REV01185,IKEA00498,BESTA,5,Perfect for a small apartment.
REV01186,IKEA01056,BILLY,4,Good quality and durable.
REV01187,IKEA00653,BILLY,4,Looks great in my room.
REV01188,IKEA00469,TROFAST,5,Very useful and practical furniture.
REV01189,IKEA00047,BESTA,5,Good quality and durable.
REV01190,IKEA01116,TROFAST,5,Very useful and practical furniture.
REV01191,IKEA00825,ALEX,5,Very good quality and easy to assemble.
REV01192,IKEA00929,ALEX,5,Very good quality and easy to assemble.
REV01193,IKEA00825,ALEX,5,Very useful and practical furniture.
REV01194,IKEA00484,TROFAST,5,Beautiful Scandinavian design.
REV01195,IKEA00301,LACK,5,Very good quality and easy to assemble.
REV01196,IKEA00748,TROFAST,5,Very useful and practical furniture.
REV01197,IKEA01108,MALM,3,Decent quality for the price.
REV01198,IKEA00370,EKET,4,Looks great in my room.
REV01199,IKEA00672,TROFAST,5,Very good quality and easy to assemble.
REV01200,IKEA00806,KALLAX,5,Good quality and durable.
REV01201,IKEA00750,TROFAST,1,Some parts were difficult to assemble.
REV01202,IKEA01105,MICKE,5,Very good quality and easy to assemble.
REV01203,IKEA00543,PAX,4,Excellent product for the price.
REV01204,IKEA00150,BILLY,5,Perfect for a small apartment.
REV01205,IKEA00357,PAX,3,Size was as expected.
REV01206,IKEA00285,BRIMNES,4,Very useful and practical furniture.
REV01207,IKEA00936,EKET,5,Very good quality and easy to assemble.
REV01208,IKEA01142,ALEX,5,Perfect for a small apartment.
REV01209,IKEA00550,LACK,4,Beautiful Scandinavian design.
REV01210,IKEA01110,EKET,4,Beautiful Scandinavian design.
REV01211,IKEA00034,TROFAST,5,Excellent product for the price.
REV01212,IKEA00078,TROFAST,5,Perfect for a small apartment.
REV01213,IKEA00070,PAX,5,Good quality and durable.
REV01214,IKEA00471,EKET,5,Beautiful Scandinavian design.
REV01215,IKEA00888,EKET,5,Beautiful Scandinavian design.
REV01216,IKEA00514,ALEX,5,Looks great in my room.
REV01217,IKEA00267,IVAR,4,Beautiful Scandinavian design.
REV01218,IKEA00692,EKET,5,Beautiful Scandinavian design.
REV01219,IKEA01049,HEMNES,5,Very good quality and easy to assemble.
REV01220,IKEA00173,BRIMNES,4,Very useful and practical furniture.
REV01221,IKEA01118,TROFAST,5,Perfect for a small apartment.
REV01222,IKEA00074,PAX,5,Very useful and practical furniture.
REV01223,IKEA00188,KALLAX,4,Excellent product for the price.
REV01224,IKEA00482,MALM,5,Very useful and practical furniture.
REV01225,IKEA00917,BESTA,4,Excellent product for the price.
REV01226,IKEA01105,MICKE,5,Good quality and durable.
REV01227,IKEA00383,ALEX,2,Product was smaller than expected.
REV01228,IKEA00926,EKET,4,Perfect for a small apartment.
REV01229,IKEA00160,HEMNES,5,Very good quality and easy to assemble.
REV01230,IKEA00945,KALLAX,5,Beautiful Scandinavian design.
REV01231,IKEA01009,LACK,4,Excellent product for the price.
REV01232,IKEA01177,MICKE,5,Beautiful Scandinavian design.
REV01233,IKEA01019,TROFAST,5,Excellent product for the price.
REV01234,IKEA00266,EKET,4,Beautiful Scandinavian design.
REV01235,IKEA00402,ALEX,5,Good quality and durable.
REV01236,IKEA00079,MICKE,5,Beautiful Scandinavian design.
REV01237,IKEA00652,EKET,5,Very good quality and easy to assemble.
REV01238,IKEA00817,MICKE,5,Good quality and durable.
REV01239,IKEA00487,EKET,4,Good quality and durable.
REV01240,IKEA00552,BRIMNES,5,Good quality and durable.
REV01241,IKEA00739,TROFAST,5,Very useful and practical furniture.
REV01242,IKEA00781,PAX,5,Looks great in my room.
REV01243,IKEA00936,EKET,5,Very good quality and easy to assemble.
REV01244,IKEA00256,PAX,4,Beautiful Scandinavian design.
REV01245,IKEA00361,IVAR,5,Looks great in my room.
REV01246,IKEA00768,HEMNES,4,Excellent product for the price.
REV01247,IKEA01073,KALLAX,4,Beautiful Scandinavian design.
REV01248,IKEA00808,IVAR,4,Looks great in my room.
REV01249,IKEA00603,LACK,4,Excellent product for the price.
REV01250,IKEA00273,MICKE,5,Good quality and durable.
REV01251,IKEA01180,HEMNES,5,Perfect for a small apartment.
REV01252,IKEA00802,ALEX,5,Excellent product for the price.
REV01253,IKEA00399,MICKE,5,Beautiful Scandinavian design.
REV01254,IKEA00212,MALM,4,Excellent product for the price.
REV01255,IKEA00534,TROFAST,3,Assembly takes some time.
REV01256,IKEA00383,ALEX,5,Looks great in my room.
REV01257,IKEA00990,EKET,4,Looks great in my room.
REV01258,IKEA00797,MALM,4,Beautiful Scandinavian design.
REV01259,IKEA00352,PAX,4,Beautiful Scandinavian design.
REV01260,IKEA00454,PAX,5,Excellent product for the price.
REV01261,IKEA00704,IVAR,5,Perfect for a small apartment.
REV01262,IKEA00758,POANG,3,Size was as expected.
REV01263,IKEA00218,MALM,5,Very useful and practical furniture.
REV01264,IKEA00757,ALEX,4,Good quality and durable.
REV01265,IKEA01003,EKET,5,Very useful and practical furniture.
REV01266,IKEA01145,ALEX,4,Beautiful Scandinavian design.
REV01267,IKEA00657,BRIMNES,5,Perfect for a small apartment.
REV01268,IKEA00589,KALLAX,5,Excellent product for the price.
REV01269,IKEA00016,BILLY,4,Good quality and durable.
REV01270,IKEA00246,LACK,5,Beautiful Scandinavian design.
REV01271,IKEA01182,TROFAST,3,Overall good product.
REV01272,IKEA00986,LACK,5,Excellent product for the price.
REV01273,IKEA00097,HEMNES,4,Perfect for a small apartment.
REV01274,IKEA00684,EKET,5,Looks great in my room.
REV01275,IKEA00078,TROFAST,3,Assembly takes some time.
REV01276,IKEA00431,KALLAX,4,Very good quality and easy to assemble.
REV01277,IKEA00667,LACK,4,Very good quality and easy to assemble.
REV01278,IKEA00670,HEMNES,5,Excellent product for the price.
REV01279,IKEA00220,BESTA,4,Excellent product for the price.
REV01280,IKEA00750,TROFAST,5,Excellent product for the price.
REV01281,IKEA00860,TROFAST,5,Perfect for a small apartment.
REV01282,IKEA01075,ALEX,3,The product is good.
REV01283,IKEA00917,BESTA,5,Very good quality and easy to assemble.
REV01284,IKEA00033,EKET,5,Looks great in my room.
REV01285,IKEA00307,IVAR,5,Good quality and durable.
REV01286,IKEA00224,EKET,4,Perfect for a small apartment.
REV01287,IKEA00179,MALM,2,Some parts were difficult to assemble.
REV01288,IKEA00364,LACK,5,Beautiful Scandinavian design.
REV01289,IKEA01084,BILLY,5,Very good quality and easy to assemble.
REV01290,IKEA01073,KALLAX,5,Very good quality and easy to assemble.
REV01291,IKEA00270,TROFAST,5,Very good quality and easy to assemble.
REV01292,IKEA00557,MALM,4,Excellent product for the price.
REV01293,IKEA01054,ALEX,5,Perfect for a small apartment.
REV01294,IKEA00714,KALLAX,4,Excellent product for the price.
REV01295,IKEA00678,LACK,5,Perfect for a small apartment.
REV01296,IKEA00877,ALEX,4,Looks great in my room.
REV01297,IKEA01196,BESTA,5,Perfect for a small apartment.
REV01298,IKEA00922,HEMNES,5,Looks great in my room.
REV01299,IKEA00612,BRIMNES,5,Excellent product for the price.
REV01300,IKEA01010,MICKE,5,Beautiful Scandinavian design.
REV01301,IKEA00691,MALM,5,Good quality and durable.
REV01302,IKEA00573,EKET,5,Looks great in my room.
REV01303,IKEA00865,IVAR,5,Perfect for a small apartment.
REV01304,IKEA00650,PAX,5,Perfect for a small apartment.
REV01305,IKEA00590,BILLY,4,Excellent product for the price.
REV01306,IKEA00624,IVAR,5,Very good quality and easy to assemble.
REV01307,IKEA00170,MICKE,5,Very useful and practical furniture.
REV01308,IKEA00681,EKET,2,Assembly instructions could be better.
REV01309,IKEA00081,BESTA,2,Some parts were difficult to assemble.
REV01310,IKEA00763,PAX,5,Beautiful Scandinavian design.
REV01311,IKEA00476,BRIMNES,3,Decent quality for the price.
REV01312,IKEA00269,IVAR,5,Perfect for a small apartment.
REV01313,IKEA00238,POANG,5,Perfect for a small apartment.
REV01314,IKEA00650,PAX,3,Overall good product.
REV01315,IKEA00664,HEMNES,4,Very good quality and easy to assemble.
REV01316,IKEA01069,BILLY,4,Good quality and durable.
REV01317,IKEA00872,BILLY,5,Excellent product for the price.
REV01318,IKEA00206,KALLAX,4,Looks great in my room.
REV01319,IKEA01065,IVAR,5,Very useful and practical furniture.
REV01320,IKEA00791,POANG,5,Good quality and durable.
REV01321,IKEA01005,BILLY,3,Decent quality for the price.
REV01322,IKEA00867,BILLY,4,Good quality and durable.
REV01323,IKEA00904,ALEX,5,Looks great in my room.
REV01324,IKEA00847,BRIMNES,3,Overall good product.
REV01325,IKEA00266,EKET,4,Beautiful Scandinavian design.
REV01326,IKEA00344,MICKE,5,Looks great in my room.
REV01327,IKEA00429,LACK,5,Very good quality and easy to assemble.
REV01328,IKEA01077,BESTA,4,Perfect for a small apartment.
REV01329,IKEA00355,IVAR,5,Perfect for a small apartment.
REV01330,IKEA00217,BESTA,5,Excellent product for the price.
REV01331,IKEA00129,MALM,3,Size was as expected.
REV01332,IKEA00294,MICKE,5,Good quality and durable.
REV01333,IKEA00015,POANG,5,Beautiful Scandinavian design.
REV01334,IKEA00190,HEMNES,3,Overall good product.
REV01335,IKEA00185,MICKE,5,Very useful and practical furniture.
REV01336,IKEA00538,BILLY,5,Excellent product for the price.
REV01337,IKEA01133,POANG,5,Very good quality and easy to assemble.
REV01338,IKEA01091,KALLAX,4,Very useful and practical furniture.
REV01339,IKEA00828,MALM,5,Very good quality and easy to assemble.
REV01340,IKEA00934,BRIMNES,4,Excellent product for the price.
REV01341,IKEA00717,POANG,5,Looks great in my room.
REV01342,IKEA00534,TROFAST,5,Looks great in my room.
REV01343,IKEA01152,MALM,5,Very useful and practical furniture.
REV01344,IKEA00278,PAX,4,Perfect for a small apartment.
REV01345,IKEA01170,ALEX,5,Looks great in my room.
REV01346,IKEA00292,BILLY,5,Beautiful Scandinavian design.
REV01347,IKEA00929,ALEX,4,Good quality and durable.
REV01348,IKEA01135,BESTA,4,Very good quality and easy to assemble.
REV01349,IKEA00804,EKET,3,Decent quality for the price.
REV01350,IKEA00901,PAX,5,Good quality and durable.
REV01351,IKEA00961,BESTA,4,Very useful and practical furniture.
REV01352,IKEA00441,KALLAX,4,Perfect for a small apartment.
REV01353,IKEA00445,POANG,5,Good quality and durable.
REV01354,IKEA01194,MALM,5,Perfect for a small apartment.
REV01355,IKEA00060,EKET,4,Excellent product for the price.
REV01356,IKEA00318,MICKE,5,Beautiful Scandinavian design.
REV01357,IKEA00439,ALEX,5,Excellent product for the price.
REV01358,IKEA00207,TROFAST,5,Perfect for a small apartment.
REV01359,IKEA00670,HEMNES,5,Beautiful Scandinavian design.
REV01360,IKEA00155,POANG,5,Excellent product for the price.
REV01361,IKEA01133,POANG,5,Excellent product for the price.
REV01362,IKEA00342,MALM,4,Looks great in my room.
REV01363,IKEA00501,POANG,5,Perfect for a small apartment.
REV01364,IKEA01107,POANG,4,Beautiful Scandinavian design.
REV01365,IKEA00631,POANG,4,Very good quality and easy to assemble.
REV01366,IKEA01002,MALM,5,Very useful and practical furniture.
REV01367,IKEA01010,MICKE,4,Perfect for a small apartment.
REV01368,IKEA00806,KALLAX,4,Very good quality and easy to assemble.
REV01369,IKEA01170,ALEX,4,Perfect for a small apartment.
REV01370,IKEA00520,LACK,5,Perfect for a small apartment.
REV01371,IKEA01021,IVAR,5,Good quality and durable.
REV01372,IKEA00239,BILLY,4,Very useful and practical furniture.
REV01373,IKEA01193,POANG,4,Excellent product for the price.
REV01374,IKEA01170,ALEX,4,Very good quality and easy to assemble.
REV01375,IKEA00332,EKET,3,Decent quality for the price.
REV01376,IKEA00960,KALLAX,5,Very useful and practical furniture.
REV01377,IKEA00231,PAX,4,Good quality and durable.
REV01378,IKEA00670,HEMNES,3,Size was as expected.
REV01379,IKEA01063,KALLAX,4,Excellent product for the price.
REV01380,IKEA00058,POANG,5,Perfect for a small apartment.
REV01381,IKEA00202,BESTA,3,Assembly takes some time.
REV01382,IKEA00814,BILLY,5,Good quality and durable.
REV01383,IKEA00112,EKET,5,Excellent product for the price.
REV01384,IKEA00078,TROFAST,5,Looks great in my room.
REV01385,IKEA01136,BESTA,5,Perfect for a small apartment.
REV01386,IKEA00954,ALEX,5,Beautiful Scandinavian design.
REV01387,IKEA01166,IVAR,4,Good quality and durable.
REV01388,IKEA00432,KALLAX,5,Good quality and durable.
REV01389,IKEA00763,PAX,5,Looks great in my room.
REV01390,IKEA00379,MICKE,4,Beautiful Scandinavian design.
REV01391,IKEA00808,IVAR,5,Perfect for a small apartment.
REV01392,IKEA00083,POANG,4,Looks great in my room.
REV01393,IKEA00619,ALEX,4,Very useful and practical furniture.
REV01394,IKEA00168,BRIMNES,5,Perfect for a small apartment.
REV01395,IKEA01176,EKET,4,Very useful and practical furniture.
REV01396,IKEA00137,HEMNES,4,Perfect for a small apartment.
REV01397,IKEA00334,EKET,5,Perfect for a small apartment.
REV01398,IKEA01169,TROFAST,5,Perfect for a small apartment.
REV01399,IKEA00192,EKET,2,Quality was average.
REV01400,IKEA01183,BRIMNES,4,Good quality and durable.
REV01401,IKEA00714,KALLAX,5,Very good quality and easy to assemble.
REV01402,IKEA00621,POANG,4,Looks great in my room.
REV01403,IKEA01048,BRIMNES,4,Beautiful Scandinavian design.
REV01404,IKEA00403,HEMNES,5,Beautiful Scandinavian design.
REV01405,IKEA00852,PAX,5,Very good quality and easy to assemble.
REV01406,IKEA00431,KALLAX,5,Very useful and practical furniture.
REV01407,IKEA00191,LACK,5,Very good quality and easy to assemble.
REV01408,IKEA00298,PAX,4,Good quality and durable.
REV01409,IKEA00310,ALEX,5,Very good quality and easy to assemble.
REV01410,IKEA00425,MICKE,4,Perfect for a small apartment.
REV01411,IKEA00943,LACK,4,Perfect for a small apartment.
REV01412,IKEA00286,EKET,3,Size was as expected.
REV01413,IKEA00183,EKET,3,The product is good.
REV01414,IKEA00825,ALEX,3,Decent quality for the price.
REV01415,IKEA00086,EKET,3,Overall good product.
REV01416,IKEA00915,BILLY,3,Assembly takes some time.
REV01417,IKEA01084,BILLY,5,Excellent product for the price.
REV01418,IKEA00406,KALLAX,5,Good quality and durable.
REV01419,IKEA00439,ALEX,2,Product was smaller than expected.
REV01420,IKEA00395,LACK,4,Looks great in my room.
REV01421,IKEA00427,BRIMNES,5,Good quality and durable.
REV01422,IKEA00367,BRIMNES,5,Good quality and durable.
REV01423,IKEA00618,EKET,5,Very good quality and easy to assemble.
REV01424,IKEA00307,IVAR,5,Looks great in my room.
REV01425,IKEA00361,IVAR,3,Assembly takes some time.
REV01426,IKEA00047,BESTA,5,Good quality and durable.
REV01427,IKEA00809,MICKE,5,Excellent product for the price.
REV01428,IKEA00691,MALM,5,Beautiful Scandinavian design.
REV01429,IKEA00669,EKET,5,Excellent product for the price.
REV01430,IKEA00588,BILLY,4,Very good quality and easy to assemble.
REV01431,IKEA00397,LACK,5,Looks great in my room.
REV01432,IKEA00717,POANG,5,Perfect for a small apartment.
REV01433,IKEA00136,HEMNES,5,Good quality and durable.
REV01434,IKEA00003,LACK,5,Excellent product for the price.
REV01435,IKEA01166,IVAR,5,Excellent product for the price.
REV01436,IKEA01195,LACK,5,Very good quality and easy to assemble.
REV01437,IKEA00200,EKET,4,Very useful and practical furniture.
REV01438,IKEA00243,HEMNES,3,Decent quality for the price.
REV01439,IKEA00869,PAX,5,Beautiful Scandinavian design.
REV01440,IKEA00669,EKET,5,Very useful and practical furniture.
REV01441,IKEA00629,ALEX,5,Excellent product for the price.
REV01442,IKEA00435,BRIMNES,5,Looks great in my room.
REV01443,IKEA00154,MALM,5,Perfect for a small apartment.
REV01444,IKEA00320,HEMNES,2,Not completely satisfied.
REV01445,IKEA00111,TROFAST,4,Looks great in my room.
REV01446,IKEA00332,EKET,5,Beautiful Scandinavian design.
REV01447,IKEA01014,PAX,4,Excellent product for the price.
REV01448,IKEA00126,ALEX,4,Good quality and durable.
REV01449,IKEA00175,BILLY,4,Perfect for a small apartment.
REV01450,IKEA00046,BESTA,4,Excellent product for the price.
REV01451,IKEA00260,MALM,5,Beautiful Scandinavian design.
REV01452,IKEA00220,BESTA,4,Looks great in my room.
REV01453,IKEA00325,LACK,5,Good quality and durable.
REV01454,IKEA00016,BILLY,4,Good quality and durable.
REV01455,IKEA00585,MICKE,2,Assembly instructions could be better.
REV01456,IKEA00256,PAX,1,Some parts were difficult to assemble.
REV01457,IKEA00831,BILLY,5,Beautiful Scandinavian design.
REV01458,IKEA00925,EKET,4,Perfect for a small apartment.
REV01459,IKEA00632,MICKE,5,Looks great in my room.
REV01460,IKEA00907,ALEX,5,Perfect for a small apartment.
REV01461,IKEA00713,IVAR,4,Very useful and practical furniture.
REV01462,IKEA00354,ALEX,5,Looks great in my room.
REV01463,IKEA00983,BRIMNES,5,Excellent product for the price.
REV01464,IKEA00515,POANG,5,Very good quality and easy to assemble.
REV01465,IKEA00227,POANG,2,Assembly instructions could be better.
REV01466,IKEA00243,HEMNES,5,Beautiful Scandinavian design.
REV01467,IKEA00252,HEMNES,2,Assembly instructions could be better.
REV01468,IKEA00845,LACK,5,Very good quality and easy to assemble.
REV01469,IKEA00921,BILLY,4,Perfect for a small apartment.
REV01470,IKEA00185,MICKE,5,Very useful and practical furniture.
REV01471,IKEA01058,MALM,2,Assembly instructions could be better.
REV01472,IKEA01059,MALM,3,Assembly takes some time.
REV01473,IKEA00918,BESTA,3,Size was as expected.
REV01474,IKEA00063,MALM,5,Very good quality and easy to assemble.
REV01475,IKEA00702,BESTA,5,Very useful and practical furniture.
REV01476,IKEA00173,BRIMNES,4,Very good quality and easy to assemble.
REV01477,IKEA00837,LACK,5,Excellent product for the price.
REV01478,IKEA00111,TROFAST,5,Excellent product for the price.
REV01479,IKEA00681,EKET,3,Overall good product.
REV01480,IKEA00590,BILLY,4,Beautiful Scandinavian design.
REV01481,IKEA00565,TROFAST,5,Excellent product for the price.
REV01482,IKEA00821,ALEX,4,Good quality and durable.
REV01483,IKEA00403,HEMNES,2,Product was smaller than expected.
REV01484,IKEA00892,HEMNES,4,Beautiful Scandinavian design.
REV01485,IKEA01082,IVAR,5,Very useful and practical furniture.
REV01486,IKEA00873,TROFAST,5,Beautiful Scandinavian design.
REV01487,IKEA00520,LACK,5,Excellent product for the price.
REV01488,IKEA00247,IVAR,5,Looks great in my room.
REV01489,IKEA00408,BESTA,5,Perfect for a small apartment.
REV01490,IKEA00411,LACK,5,Excellent product for the price.
REV01491,IKEA00901,PAX,5,Perfect for a small apartment.
REV01492,IKEA00896,BILLY,5,Very useful and practical furniture.
REV01493,IKEA00305,EKET,3,Size was as expected.
REV01494,IKEA00132,BESTA,5,Perfect for a small apartment.
REV01495,IKEA00284,TROFAST,5,Very useful and practical furniture.
REV01496,IKEA00039,TROFAST,2,Some parts were difficult to assemble.
REV01497,IKEA00826,KALLAX,4,Very good quality and easy to assemble.
REV01498,IKEA00637,BRIMNES,5,Good quality and durable.
REV01499,IKEA00052,EKET,5,Perfect for a small apartment.
REV01500,IKEA00239,BILLY,3,Size was as expected.
